COUNTY,State,County2,Population,Count
37,California,Los Angeles,10039107,98
,New York,New York City,8336817,63
31,Illinois,Cook,5150233,100
201,Texas,Harris,4713325,59
13,Arizona,Maricopa,4485414,98
73,California,San Diego,3338330,83
59,California,Orange,3175692,99
86,Florida,Miami-Dade,2716940,53
113,Texas,Dallas,2635516,54
65,California,Riverside,2470546,57
3,Nevada,Clark,2266715,59
33,Washington,King,2252782,65
71,California,San Bernardino,2180085,49
439,Texas,Tarrant,2102515,54
29,Texas,Bexar,2003554,81
11,Florida,Broward,1952778,58
85,California,Santa Clara,1927852,93
163,Michigan,Wayne,1749343,54
1,California,Alameda,1671329,63
17,Massachusetts,Middlesex,1611699,59
101,Pennsylvania,Philadelphia,1584064,54
67,California,Sacramento,1552058,72
99,Florida,Palm Beach,1496770,52
103,New York,Suffolk,1476601,56
57,Florida,Hillsborough,1471968,63
95,Florida,Orange,1393452,51
59,New York,Nassau,1356924,59
49,Ohio,Franklin,1316756,50
453,Texas,Travis,1273954,51
53,Minnesota,Hennepin,1265843,52
125,Michigan,Oakland,1257584,54
35,Ohio,Cuyahoga,1235072,55
3,Pennsylvania,Allegheny,1216045,50
35,Utah,Salt Lake,1160437,68
13,California,Contra Costa,1153526,61
59,Virginia,Fairfax,1147532,57
183,North Carolina,Wake,1111761,61
119,North Carolina,Mecklenburg,1110356,52
121,Georgia,Fulton,1063937,62
1,Rhode Island,Unknown,1059361,63
31,Maryland,Montgomery,1050688,59
19,Arizona,Pima,1047279,55
85,Texas,Collin,1034730,55
19,California,Fresno,999101,57
189,Missouri,St. Louis,994205,57
103,Florida,Pinellas,974996,54
3,Hawaii,Honolulu,974563,58
119,New York,Westchester,967506,60
97,Indiana,Marion,964582,58
31,Florida,Duval,957755,52
79,Wisconsin,Milwaukee,945726,51
1,Connecticut,Fairfield,943332,56
157,Tennessee,Shelby,937166,56
135,Georgia,Gwinnett,936250,57
3,New Jersey,Bergen,932202,60
43,Illinois,DuPage,922921,50
29,New York,Erie,918702,49
33,Maryland,Prince George's,909327,55
53,Washington,Pierce,904980,58
29,California,Kern,900202,47
3,Connecticut,Hartford,891720,50
121,Texas,Denton,887207,49
75,California,San Francisco,881549,91
99,Michigan,Macomb,873972,51
215,Texas,Hidalgo,868707,40
9,Connecticut,New Haven,854757,50
111,California,Ventura,846006,54
141,Texas,El Paso,839238,51
91,Pennsylvania,Montgomery,830915,57
27,Massachusetts,Worcester,830622,56
5,Maryland,Baltimore,827370,53
23,New Jersey,Middlesex,825062,53
61,Washington,Snohomish,822083,103
61,Ohio,Hamilton,817473,45
51,Oregon,Multnomah,812855,54
157,Texas,Fort Bend,811688,60
25,Massachusetts,Suffolk,803907,92
13,New Jersey,Essex,798975,52
109,Oklahoma,Oklahoma,797434,51
9,Massachusetts,Essex,789034,54
71,Florida,Lee,770577,58
111,Kentucky,Jefferson,766757,56
81,California,San Mateo,766573,62
77,California,San Joaquin,762148,54
67,Georgia,Cobb,760141,57
89,Georgia,DeKalb,759297,55
55,New York,Monroe,741770,53
31,Colorado,Denver,727211,58
105,Florida,Polk,724777,47
41,Colorado,El Paso,720403,58
21,Massachusetts,Norfolk,706775,62
1,District of Columbia,District of Columbia,705749,57
95,Missouri,Jackson,703011,47
97,Illinois,Lake,696535,53
37,Tennessee,Davidson,694144,56
197,Illinois,Will,690743,48
1,New Mexico,Bernalillo,679121,53
17,New Jersey,Hudson,672391,55
73,Alabama,Jefferson,658573,51
81,Michigan,Kent,656955,52
5,Colorado,Arapahoe,656590,55
143,Oklahoma,Tulsa,651552,58
49,Utah,Utah,636235,49
17,Pennsylvania,Bucks,628270,53
25,New Jersey,Monmouth,618795,55
339,Texas,Montgomery,607391,54
29,New Jersey,Ocean,607186,51
91,Kansas,Johnson,602401,57
9,Florida,Brevard,601942,47
67,Oregon,Washington,601592,65
510,Maryland,Baltimore city,593490,49
491,Texas,Williamson,590551,46
59,Colorado,Jefferson,582881,59
3,Maryland,Anne Arundel,579234,51
55,Nebraska,Douglas,571327,76
45,Pennsylvania,Delaware,566747,58
5,Massachusetts,Bristol,565217,50
3,Delaware,New Castle,558753,53
39,New Jersey,Union,556341,55
101,Florida,Pasco,553947,54
127,Florida,Volusia,553284,57
99,California,Stanislaus,550660,53
123,Minnesota,Ramsey,550321,58
25,Wisconsin,Dane,546695,88
71,Pennsylvania,Lancaster,545724,45
153,Ohio,Summit,541013,50
81,North Carolina,Guilford,537174,46
89,Illinois,Kane,532403,54
113,Ohio,Montgomery,531687,45
29,Pennsylvania,Chester,524989,51
45,South Carolina,Greenville,523542,49
63,Washington,Spokane,522798,69
23,Massachusetts,Plymouth,521202,49
1,Colorado,Adams,517421,52
173,Kansas,Sedgwick,516042,45
7,New Jersey,Camden,506471,58
31,New Jersey,Passaic,501826,56
97,California,Sonoma,494336,67
27,New Jersey,Morris,491845,52
153,Iowa,Polk,490161,49
11,Washington,Clark,488241,58
89,Indiana,Lake,485493,47
1,Idaho,Ada,481587,51
117,Florida,Seminole,471826,52
31,Nevada,Washoe,471519,59
153,Virginia,Prince William,470335,52
93,Tennessee,Knox,470313,52
13,Massachusetts,Hampden,466372,49
107,California,Tulare,466195,52
21,Arizona,Pinal,462789,58
67,New York,Onondaga,460528,48
810,Virginia,Virginia Beach city,449974,55
133,Pennsylvania,York,449058,46
95,California,Solano,447643,69
83,California,Santa Barbara,446499,49
5,New Jersey,Burlington,445349,54
33,Louisiana,East Baton Rouge,440059,47
53,California,Monterey,434061,47
115,Florida,Sarasota,433742,52
51,Louisiana,Jefferson,432493,55
37,Minnesota,Dakota,429021,52
95,Ohio,Lucas,428348,49
61,Texas,Cameron,423163,45
11,Pennsylvania,Berks,421164,46
5,Oregon,Clackamas,418187,52
11,New Hampshire,Hillsborough,417025,49
79,South Carolina,Richland,415759,47
107,Virginia,Loudoun,413538,54
97,Alabama,Mobile,413210,45
19,South Carolina,Charleston,411406,58
49,Michigan,Genesee,405813,45
133,Wisconsin,Waukesha,404198,53
81,Florida,Manatee,403253,63
183,Missouri,St. Charles,402022,46
61,California,Placer,398329,62
119,Arkansas,Pulaski,391911,52
71,Louisiana,Orleans,390144,54
71,New York,Orange,384940,52
21,Florida,Collier,384902,54
17,Ohio,Butler,383134,50
67,North Carolina,Forsyth,382295,52
39,Oregon,Lane,382067,47
3,Indiana,Allen,379299,44
97,Florida,Osceola,375751,51
39,Texas,Brazoria,374264,50
89,Alabama,Madison,372909,47
151,Ohio,Stark,370606,53
77,Pennsylvania,Lehigh,369318,49
65,Tennessee,Hamilton,367804,51
161,Michigan,Washtenaw,367601,52
21,New Jersey,Mercer,367430,50
69,Florida,Lake,367118,48
83,Florida,Marion,365579,43
27,Texas,Bell,362924,51
355,Texas,Nueces,362294,40
3,Minnesota,Anoka,356921,54
69,Colorado,Larimer,356899,55
11,Utah,Davis,355481,58
51,South Carolina,Horry,354081,49
41,Virginia,Chesterfield,352802,50
35,Colorado,Douglas,351154,59
129,Pennsylvania,Westmoreland,348899,45
47,Oregon,Marion,347818,56
167,Texas,Galveston,342139,51
57,Indiana,Hamilton,338011,49
51,North Carolina,Cumberland,335509,42
149,Tennessee,Rutherford,332285,51
87,Virginia,Henrico,330818,47
35,New Jersey,Somerset,328934,48
111,Florida,St. Lucie,328297,43
13,Colorado,Boulder,326196,50
87,New York,Rockland,325789,58
27,Maryland,Howard,325690,49
123,Colorado,Weld,324492,51
67,Kentucky,Fayette,323152,58
63,North Carolina,Durham,321488,48
83,South Carolina,Spartanburg,319785,56
109,Nebraska,Lancaster,319090,44
33,Florida,Escambia,318316,48
79,Pennsylvania,Luzerne,317417,49
303,Texas,Lubbock,310569,47
93,Ohio,Lorain,309833,50
15,New Hampshire,Rockingham,309769,57
111,Illinois,McHenry,307774,54
1,New York,Albany,305506,52
95,Pennsylvania,Northampton,305285,52
510,Missouri,St. Louis city,300576,46
63,South Carolina,Lexington,298750,50
5,Maine,Cumberland,295003,51
27,New York,Dutchess,294218,52
73,Florida,Leon,293582,46
77,Missouri,Greene,293086,52
65,Michigan,Ingham,292406,52
63,Georgia,Clayton,292256,49
139,Michigan,Ottawa,291830,49
15,New Jersey,Gloucester,291636,47
67,Washington,Thurston,290536,53
51,Georgia,Chatham,289430,44
20,Alaska,Anchorage,288000,52
27,Oklahoma,Cleveland,284014,49
79,California,San Luis Obispo,283111,50
201,Illinois,Winnebago,282572,49
91,South Carolina,York,280979,47
7,Arkansas,Benton,279141,45
43,Pennsylvania,Dauphin,278299,42
47,California,Merced,277680,40
479,Texas,Webb,276652,46
87,California,Santa Cruz,273213,57
141,Indiana,St. Joseph,271826,53
35,Washington,Kitsap,271473,56
49,Pennsylvania,Erie,269728,44
1,Florida,Alachua,269043,54
11,Connecticut,New London,265206,44
77,Michigan,Kalamazoo,265066,41
109,Florida,St. Johns,264672,53
9,Wisconsin,Brown,264542,46
1,New Jersey,Atlantic,263670,46
119,Illinois,Madison,262966,46
163,Minnesota,Washington,262440,49
21,North Carolina,Buncombe,261191,43
103,Louisiana,St. Tammany,260419,51
57,Utah,Weber,260213,54
163,Illinois,St. Clair,259686,50
21,Maryland,Frederick,259547,48
41,California,Marin,258826,67
57,Georgia,Cherokee,258773,56
309,Texas,McLennan,256623,46
25,Maryland,Harford,255441,56
41,Pennsylvania,Cumberland,253370,51
245,Texas,Jefferson,251565,40
77,Washington,Yakima,250873,52
47,Missouri,Clay,249948,41
550,Virginia,Chesapeake city,244835,40
55,Louisiana,Lafayette,244390,45
117,Georgia,Forsyth,244252,48
710,Virginia,Norfolk city,242742,44
17,Louisiana,Caddo,240204,53
179,North Carolina,Union,239859,42
143,Arkansas,Washington,239187,46
187,Tennessee,Williamson,238412,59
13,Virginia,Arlington,236842,53
25,Arizona,Yavapai,235099,45
165,Ohio,Warren,234602,44
151,Georgia,Henry,234561,51
129,North Carolina,New Hanover,234473,46
5,Delaware,Sussex,234225,47
423,Texas,Smith,232751,51
49,Mississippi,Hinds,231840,49
760,Virginia,Richmond city,230436,46
209,Texas,Hays,230191,50
85,Ohio,Lake,230149,47
91,New York,Saratoga,229863,57
27,Idaho,Canyon,229849,44
73,Washington,Whatcom,229247,54
41,Texas,Brazos,229211,47
99,Ohio,Mahoning,228683,47
65,New York,Oneida,228671,44
15,South Carolina,Berkeley,227907,44
113,Iowa,Linn,226706,43
101,Alabama,Montgomery,226486,51
99,Missouri,Jefferson,225081,40
71,North Carolina,Gaston,224529,46
3,Alabama,Baldwin,223234,50
29,Oregon,Jackson,220944,57
113,California,Yolo,220500,58
19,Florida,Clay,219252,52
7,California,Butte,219186,43
13,New Mexico,Doña Ana,218195,44
117,Alabama,Shelby,217702,49
25,North Carolina,Cabarrus,216453,52
27,Arizona,Yuma,213787,44
1,Massachusetts,Barnstable,212990,50
15,Arizona,Mohave,212181,38
91,Florida,Okaloosa,210738,57
19,Illinois,Champaign,209689,42
69,Pennsylvania,Lackawanna,209674,46
125,Alabama,Tuscaloosa,209355,51
101,North Carolina,Johnston,209339,52
63,New York,Niagara,209281,44
41,Ohio,Delaware,209177,46
125,Tennessee,Montgomery,208993,45
47,Mississippi,Harrison,208080,47
31,Maine,York,207641,47
125,Pennsylvania,Washington,206865,51
25,Ohio,Clermont,206428,43
39,Indiana,Elkhart,206341,43
139,Georgia,Hall,204441,48
5,Washington,Benton,204390,46
19,Louisiana,Calcasieu,203436,45
7,South Carolina,Anderson,202558,49
245,Georgia,Richmond,202518,47
1,Hawaii,Hawaii,201513,47
137,Minnesota,St. Louis,199070,43
155,Ohio,Trumbull,197974,52
133,North Carolina,Onslow,197938,52
17,Oregon,Deschutes,197692,53
101,Wisconsin,Racine,196311,51
215,Georgia,Muscogee,195769,44
157,Indiana,Tippecanoe,195732,45
167,Illinois,Sangamon,194672,50
53,Florida,Hernando,193920,45
99,South Dakota,Minnehaha,193134,54
17,California,El Dorado,192843,43
13,South Carolina,Beaufort,192122,50
93,Michigan,Livingston,191995,45
165,Tennessee,Sumner,191283,46
145,Michigan,Saginaw,190539,43
7,New York,Broome,190488,50
15,Florida,Charlotte,188910,57
87,Wisconsin,Outagamie,187885,48
19,Pennsylvania,Butler,187853,43
153,Nebraska,Sarpy,187196,47
33,Mississippi,DeSoto,184945,46
139,Texas,Ellis,184826,47
113,Florida,Santa Rosa,184313,59
17,North Dakota,Cass,181923,47
97,North Carolina,Iredell,181806,47
163,Indiana,Vanderburgh,181451,44
25,California,Imperial,181215,44
1,Delaware,Kent,180786,46
147,North Carolina,Pitt,180742,44
19,Missouri,Boone,180463,47
5,Connecticut,Litchfield,180333,52
89,California,Shasta,180080,55
103,Ohio,Medina,179746,49
700,Virginia,Newport News city,179225,44
143,Illinois,Peoria,179179,48
39,West Virginia,Kanawha,178124,44
111,New York,Ulster,177573,56
53,Utah,Washington,177556,58
177,Kansas,Shawnee,176875,39
89,Ohio,Licking,176862,43
329,Texas,Midland,176832,43
251,Texas,Johnson,175817,45
5,Florida,Bay,174705,43
121,Michigan,Muskegon,173566,41
163,Iowa,Scott,172943,42
139,Wisconsin,Winnebago,171907,50
113,Illinois,McLean,171517,44
3,South Carolina,Aiken,170872,44
127,Indiana,Porter,170389,40
63,Indiana,Hendricks,170311,56
89,Pennsylvania,Monroe,170271,55
59,Wisconsin,Kenosha,169561,47
1,North Carolina,Alamance,169509,41
57,Ohio,Greene,168937,42
223,Georgia,Paulding,168667,48
13,Maryland,Carroll,168447,50
101,Colorado,Pueblo,168424,51
57,North Carolina,Davidson,167609,44
9,Hawaii,Maui,167417,49
117,Kentucky,Kenton,166998,46
187,Texas,Guadalupe,166847,39
135,Texas,Ector,166223,35
55,Idaho,Kootenai,165697,44
209,Kansas,Wyandotte,165429,52
81,Alabama,Lee,164542,49
7,Pennsylvania,Beaver,163929,47
7,Vermont,Chittenden,163774,53
105,Wisconsin,Rock,163354,44
17,Maryland,Charles,163257,51
35,South Carolina,Dorchester,162809,45
133,Ohio,Portage,162466,42
7,Connecticut,Middlesex,162436,46
27,Pennsylvania,Centre,162385,44
111,Montana,Yellowstone,161300,51
145,Minnesota,Stearns,161075,52
85,Florida,Martin,161000,45
15,Massachusetts,Hampshire,160830,45
61,Florida,Indian River,159923,45
35,North Carolina,Catawba,159551,43
510,Virginia,Alexandria city,159428,52
147,Michigan,St. Clair,159128,52
83,New York,Rensselaer,158714,47
75,Michigan,Jackson,158510,47
163,Tennessee,Sullivan,158348,54
109,Minnesota,Olmsted,158293,53
81,Indiana,Johnson,158167,53
153,Georgia,Houston,157863,46
45,Ohio,Fairfield,157574,40
39,California,Madera,157327,57
73,Georgia,Columbia,156714,46
91,Texas,Comal,156209,40
93,New York,Schenectady,155299,51
121,Mississippi,Rankin,155271,44
55,Pennsylvania,Franklin,155027,44
77,Colorado,Mesa,154210,50
21,Michigan,Berrien,153401,43
73,Louisiana,Ouachita,153279,43
21,Georgia,Bibb,153159,45
31,California,Kings,152940,37
179,Virginia,Stafford,152882,48
19,Maine,Penobscot,152148,46
13,New Hampshire,Merrimack,151391,46
103,Iowa,Johnson,151140,56
43,Maryland,Washington,151049,43
13,Connecticut,Tolland,150721,45
115,Michigan,Monroe,150500,50
49,New Mexico,Santa Fe,150358,53
17,Florida,Citrus,149657,49
11,New Jersey,Cumberland,149527,44
139,Minnesota,Scott,149013,45
77,Georgia,Coweta,148509,50
135,North Carolina,Orange,148476,44
105,Indiana,Monroe,148431,42
17,Oklahoma,Canadian,148306,48
43,New Mexico,Sandoval,146748,50
97,Georgia,Douglas,146343,44
189,Tennessee,Wilson,144657,45
151,North Carolina,Randolph,143667,40
59,Mississippi,Jackson,143617,47
5,Arizona,Coconino,143476,46
367,Texas,Parker,142878,40
19,North Carolina,Brunswick,142820,50
159,North Carolina,Rowan,142088,44
161,Illinois,Rock Island,141879,42
75,Pennsylvania,Lebanon,141793,45
107,Pennsylvania,Schuylkill,141359,42
63,Louisiana,Livingston,140789,45
37,New Jersey,Sussex,140488,45
171,Minnesota,Wright,138377,51
41,South Carolina,Florence,138293,44
441,Texas,Taylor,138034,37
55,California,Napa,137744,67
381,Texas,Randall,137713,37
177,Virginia,Spotsylvania,136215,50
181,Texas,Grayson,136212,40
257,Texas,Kaufman,136154,39
131,Wisconsin,Washington,136034,46
85,North Carolina,Harnett,135976,50
73,Wisconsin,Marathon,135692,44
23,California,Humboldt,135558,73
105,Louisiana,Tangipahoa,134758,44
650,Virginia,Hampton city,134510,38
25,Michigan,Calhoun,134159,43
23,Ohio,Clark,134083,46
15,Kentucky,Boone,133581,38
9,Tennessee,Blount,133088,44
227,Kentucky,Warren,132896,46
119,Florida,Sumter,132420,46
485,Texas,Wichita,132230,46
179,Illinois,Tazewell,131803,38
13,Iowa,Black Hawk,131228,47
173,Ohio,Wood,130817,42
17,New Hampshire,Strafford,130633,43
155,North Carolina,Robeson,130625,42
21,Pennsylvania,Cambria,130192,41
43,Oregon,Linn,129749,53
79,Louisiana,Rapides,129648,44
95,Indiana,Madison,129569,46
179,Tennessee,Washington,129375,45
51,Pennsylvania,Fayette,129274,42
57,Washington,Skagit,129205,54
93,Illinois,Kendall,128990,46
59,Georgia,Clarke,128331,49
5,Utah,Cache,128289,46
131,Arkansas,Sebastian,127827,45
15,Louisiana,Bossier,127039,50
13,New York,Chautauqua,126903,39
77,South Carolina,Pickens,126884,44
5,Louisiana,Ascension,126604,48
45,Arkansas,Faulkner,126007,46
3,Arizona,Cochise,125922,43
3,Massachusetts,Berkshire,124944,57
19,New Jersey,Hunterdon,124371,48
45,New Mexico,San Juan,123958,42
183,Texas,Gregg,123945,53
191,North Carolina,Wayne,123131,51
125,Arkansas,Saline,122437,49
11,Maine,Kennebec,122302,47
45,Kansas,Douglas,122259,47
13,Pennsylvania,Blair,121829,38
97,Missouri,Jasper,121328,43
139,Ohio,Richland,121154,45
31,Oklahoma,Comanche,120749,38
45,Georgia,Carroll,119992,44
103,Alabama,Morgan,119679,40
63,Montana,Missoula,119600,50
451,Texas,Tom Green,119200,39
3,West Virginia,Berkeley,119171,40
19,Idaho,Bonneville,119062,36
19,Indiana,Clark,118302,46
5,Michigan,Allegan,118081,43
63,Wisconsin,La Crosse,118016,46
89,North Carolina,Henderson,117417,42
375,Texas,Potter,117415,43
185,Georgia,Lowndes,117406,53
75,New York,Oswego,117124,41
15,Connecticut,Windham,116782,45
169,Ohio,Wayne,115710,39
117,Wisconsin,Sheboygan,115340,51
35,Florida,Flagler,115081,42
31,Montana,Gallatin,114434,51
113,Georgia,Fayette,114421,55
35,Indiana,Delaware,114135,43
103,South Dakota,Pennington,113775,41
15,Alabama,Calhoun,113605,46
37,Maryland,St. Mary's,113510,42
81,Pennsylvania,Lycoming,113299,39
217,Georgia,Newton,111744,49
19,Oregon,Douglas,110980,56
93,Kentucky,Hardin,110958,42
17,Arizona,Navajo,110924,47
15,Washington,Cowlitz,110593,44
109,Louisiana,Terrebonne,110461,51
31,Arkansas,Craighead,110332,45
45,Michigan,Eaton,110268,45
91,Indiana,LaPorte,109888,50
91,Illinois,Kankakee,109862,46
45,New York,Jefferson,109834,46
69,New York,Ontario,109777,48
85,Pennsylvania,Mercer,109424,42
3,Virginia,Albemarle,109330,43
99,Illinois,LaSalle,108669,46
170,Alaska,Matanuska-Susitna Borough,108317,41
1,Maine,Androscoggin,108277,52
11,Tennessee,Bradley,108110,44
85,Virginia,Hanover,107766,52
89,New York,St. Lawrence,107740,42
15,Georgia,Bartow,107738,53
71,Oregon,Yamhill,107100,49
167,Indiana,Vigo,107038,44
109,Ohio,Miami,106987,46
85,South Carolina,Sumter,106721,44
89,Mississippi,Madison,106272,46
55,Florida,Highlands,106221,43
69,Alabama,Houston,105882,41
37,Missouri,Cass,105780,48
61,West Virginia,Monongalia,105612,45
41,New Jersey,Warren,105267,47
19,Minnesota,Carver,105089,56
397,Texas,Rockwall,104915,38
37,Illinois,DeKalb,104897,43
35,Wisconsin,Eau Claire,104646,45
313,Georgia,Whitfield,104628,47
165,Missouri,Platte,104418,39
115,Illinois,Macon,104009,36
71,Missouri,Franklin,103967,40
127,Wisconsin,Walworth,103868,45
29,Montana,Flathead,103806,45
45,Maryland,Wicomico,103609,45
39,Wisconsin,Fond du Lac,103403,53
17,Michigan,Bay,103126,51
193,Iowa,Woodbury,103107,42
1,Pennsylvania,Adams,103009,46
15,Maryland,Cecil,102855,42
3,Ohio,Allen,102351,36
55,Alabama,Etowah,102268,39
109,New York,Tompkins,102180,50
49,North Carolina,Craven,102139,50
29,Ohio,Columbiana,101883,44
59,Kentucky,Daviess,101511,45
125,North Carolina,Moore,100880,46
57,California,Nevada,99755,48
21,Wyoming,Laramie,99500,47
51,Arkansas,Garland,99386,49
770,Virginia,Roanoke city,99143,37
83,Alabama,Limestone,98915,51
231,Texas,Hunt,98594,39
121,Virginia,Montgomery,98535,36
115,Georgia,Floyd,98498,55
91,Michigan,Lenawee,98451,39
79,New York,Putnam,98320,49
155,Tennessee,Sevier,98250,48
57,South Carolina,Lancaster,98012,53
113,Tennessee,Madison,97984,40
45,North Carolina,Cleveland,97947,39
25,Washington,Grant,97733,51
57,Louisiana,Lafourche,97614,50
61,Iowa,Dubuque,97311,45
7,Ohio,Ashtabula,97241,44
141,Minnesota,Sherburne,97238,41
169,Iowa,Story,97117,43
101,California,Sutter,96971,39
90,Alaska,Fairbanks North Star Borough,96849,48
95,Alabama,Marshall,96774,39
119,Tennessee,Maury,96387,44
15,North Dakota,Burleigh,95626,47
101,New York,Steuben,95379,43
21,Washington,Franklin,95222,47
297,Georgia,Walton,94593,39
740,Virginia,Portsmouth city,94398,44
127,North Carolina,Nash,94298,42
161,Virginia,Roanoke,94186,39
55,Ohio,Geauga,93649,48
37,Kentucky,Campbell,93584,37
49,Iowa,Dallas,93453,50
37,Texas,Bowie,93245,48
155,Iowa,Pottawattamie,93206,55
55,Michigan,Grand Traverse,93088,42
3,Oregon,Benton,93053,48
151,Kentucky,Madison,92987,43
77,Alabama,Lauderdale,92729,44
9,Maryland,Calvert,92525,45
131,Oklahoma,Rogers,92459,35
800,Virginia,Suffolk city,92108,43
469,Texas,Victoria,92084,40
9,New Jersey,Cape May,92039,45
157,Ohio,Tuscarawas,91987,50
11,West Virginia,Cabell,91945,35
157,North Carolina,Rockingham,91010,33
247,Georgia,Rockdale,90896,45
97,Pennsylvania,Northumberland,90843,37
109,Wisconsin,St. Croix,90687,44
23,North Carolina,Burke,90485,39
117,New York,Wayne,89918,45
9,New Hampshire,Grafton,89886,62
115,Alabama,St. Clair,89512,47
69,Virginia,Frederick,89313,39
89,Wisconsin,Ozaukee,89221,45
21,Texas,Bastrop,88723,43
89,Florida,Nassau,88625,54
43,Missouri,Christian,88595,44
291,Texas,Liberty,88219,39
95,Georgia,Dougherty,87956,49
27,Wisconsin,Dodge,87839,41
5,Idaho,Bannock,87808,40
87,Michigan,Lapeer,87607,40
33,Oregon,Josephine,87487,43
21,Missouri,Buchanan,87364,37
83,Idaho,Twin Falls,86878,46
45,California,Mendocino,86749,46
5,Texas,Angelina,86715,38
119,Ohio,Muskingum,86215,38
75,South Carolina,Orangeburg,86175,44
109,North Carolina,Lincoln,86111,46
53,Oregon,Polk,86085,53
73,Pennsylvania,Lawrence,85512,39
81,Mississippi,Lee,85436,44
127,Georgia,Glynn,85292,45
29,Washington,Island,85141,53
55,Wisconsin,Jefferson,84769,44
39,Pennsylvania,Crawford,84629,38
63,Pennsylvania,Indiana,84073,38
5,Indiana,Bartholomew,83779,48
43,Alabama,Cullman,83768,44
107,West Virginia,Wood,83518,40
15,New York,Chemung,83456,40
361,Texas,Orange,83396,39
13,Georgia,Barrow,83240,42
111,Michigan,Midland,83156,45
213,Texas,Henderson,82737,35
67,Indiana,Howard,82544,53
27,North Carolina,Caldwell,82178,39
680,Virginia,Lynchburg city,82168,38
97,Louisiana,St. Landry,82124,45
165,Virginia,Rockingham,81948,42
195,North Carolina,Wilson,81801,49
119,Oklahoma,Payne,81784,49
103,Kansas,Leavenworth,81758,46
29,Kentucky,Bullitt,81676,37
13,Montana,Cascade,81366,43
145,Oklahoma,Wagoner,81289,40
51,Alabama,Elmore,81209,51
41,Washington,Lewis,80707,49
19,New York,Clinton,80485,47
141,Tennessee,Putnam,80245,43
121,Alabama,Talladega,79978,46
25,Wyoming,Natrona,79858,44
31,Georgia,Bulloch,79608,36
37,Michigan,Clinton,79595,45
73,South Carolina,Oconee,79546,41
85,Indiana,Kosciusko,79456,37
33,Pennsylvania,Clearfield,79255,40
19,Virginia,Bedford,78997,42
71,Wisconsin,Manitowoc,78981,29
31,Missouri,Cape Girardeau,78871,40
145,Arkansas,White,78753,40
115,California,Yuba,78668,43
43,Indiana,Floyd,78522,48
59,Indiana,Hancock,78168,43
59,Oregon,Umatilla,77950,53
9,Washington,Clallam,77331,45
7,Washington,Chelan,77200,60
1,Tennessee,Anderson,76978,44
51,Missouri,Cole,76745,47
61,New Mexico,Valencia,76688,37
141,Ohio,Ross,76666,34
11,New York,Cayuga,76576,41
95,Virginia,James City,76523,52
9,New York,Cattaraugus,76117,36
5,New Hampshire,Cheshire,76085,44
99,Texas,Coryell,75951,39
63,Ohio,Hancock,75783,42
183,Illinois,Vermilion,75758,32
159,Michigan,Van Buren,75677,39
15,Virginia,Augusta,75558,32
105,New York,Sullivan,75432,47
145,Ohio,Scioto,75314,27
27,Washington,Grays Harbor,75061,52
35,Mississippi,Forrest,74897,53
107,Florida,Putnam,74521,43
37,North Carolina,Chatham,74470,58
43,Ohio,Erie,74266,43
161,Kansas,Riley,74232,44
87,Florida,Monroe,74228,44
75,Mississippi,Lauderdale,74125,38
131,Florida,Walton,74071,46
111,Pennsylvania,Somerset,73447,40
81,West Virginia,Raleigh,73361,39
85,Arkansas,Lonoke,73309,38
141,Wisconsin,Wood,72999,48
157,Georgia,Jackson,72977,39
471,Texas,Walker,72971,39
125,Oklahoma,Pottawatomie,72592,39
7,Hawaii,Kauai,72293,50
45,Utah,Tooele,72259,48
1,Arizona,Apache,71887,43
147,Tennessee,Robertson,71813,46
171,North Carolina,Surry,71783,37
23,Florida,Columbia,71686,42
37,Oklahoma,Creek,71522,39
49,Alabama,DeKalb,71513,38
31,New Mexico,McKinley,71367,44
61,Virginia,Fauquier,71222,38
25,New Mexico,Lea,71070,43
53,New York,Madison,70941,42
47,South Carolina,Greenwood,70811,43
97,Wisconsin,Portage,70772,38
109,Indiana,Morgan,70489,42
14,Colorado,Broomfield,70465,44
47,Kentucky,Christian,70461,45
1,Maryland,Allegany,70416,31
11,Massachusetts,Franklin,70180,46
497,Texas,Wise,69984,34
285,Georgia,Troup,69922,48
73,Michigan,Isabella,69872,40
45,Louisiana,Iberia,69830,45
295,Georgia,Walker,69761,33
69,North Carolina,Franklin,69685,44
31,North Carolina,Carteret,69473,44
35,North Dakota,Grand Forks,69451,34
49,Montana,Lewis and Clark,69432,51
59,Tennessee,Greene,69069,44
193,North Carolina,Wilkes,68412,33
199,Virginia,York,68280,48
35,Oregon,Klamath,68238,57
155,Michigan,Shiawassee,68122,38
67,Mississippi,Jones,68098,45
101,Oklahoma,Muskogee,67997,42
11,Indiana,Boone,67843,54
13,Minnesota,Blue Earth,67653,48
101,North Dakota,Ward,67641,53
47,Georgia,Catoosa,67580,41
59,South Carolina,Laurens,67493,36
35,New Mexico,Otero,67490,32
33,West Virginia,Harrison,67256,40
187,Missouri,St. Francois,67215,41
3,Maine,Aroostook,67055,30
161,North Carolina,Rutherford,67029,34
13,Ohio,Belmont,67006,50
131,Minnesota,Rice,66972,46
15,Kansas,Butler,66911,51
69,Arkansas,Jefferson,66824,53
185,Kentucky,Oldham,66799,42
45,Washington,Mason,66768,47
409,Texas,San Patricio,66730,39
255,Georgia,Spalding,66703,44
103,Michigan,Marquette,66699,39
31,South Carolina,Darlington,66618,44
199,Illinois,Williamson,66597,46
203,Texas,Harrison,66553,37
55,South Carolina,Kershaw,66551,58
177,Indiana,Wayne,65884,45
53,Indiana,Grant,65769,44
1,Illinois,Adams,65435,44
145,Kentucky,McCracken,65418,40
9,Ohio,Athens,65327,38
81,Ohio,Jefferson,65325,38
347,Texas,Nacogdoches,65204,38
101,Ohio,Marion,65093,44
103,California,Tehama,65084,30
35,Minnesota,Crow Wing,65055,32
199,Kentucky,Pulaski,64979,45
37,Pennsylvania,Columbia,64964,42
63,Tennessee,Hamblen,64934,44
5,Pennsylvania,Armstrong,64735,40
67,Michigan,Ionia,64697,38
17,Wisconsin,Chippewa,64658,44
427,Texas,Starr,64633,37
5,New Mexico,Chaves,64615,41
11,Oregon,Coos,64487,22
111,Wisconsin,Sauk,64442,45
33,California,Lake,64386,27
103,Georgia,Effingham,64296,45
27,Minnesota,Clay,64222,44
25,Pennsylvania,Carbon,64182,40
115,Arkansas,Pope,64072,45
113,New York,Warren,63944,46
117,Michigan,Montcalm,63888,52
163,North Carolina,Sampson,63531,47
127,Alabama,Walker,63521,45
73,Mississippi,Lamar,63343,41
33,Arkansas,Crawford,63257,40
141,North Carolina,Pender,63060,28
173,Indiana,Warrick,62998,40
51,New York,Livingston,62914,46
69,California,San Benito,62808,51
167,North Carolina,Stanly,62806,44
43,South Carolina,Georgetown,62680,41
33,New Jersey,Salem,62385,42
83,Ohio,Knox,62322,41
87,North Carolina,Haywood,62317,30
1,Louisiana,Acadia,62045,42
155,Kansas,Reno,61998,44
105,North Carolina,Lee,61779,42
221,Texas,Hood,61643,37
167,Tennessee,Tipton,61599,44
15,Michigan,Barry,61550,43
179,Georgia,Liberty,61435,41
79,Nebraska,Hall,61353,38
43,New York,Herkimer,61319,52
1,New Hampshire,Belknap,61303,46
115,New York,Washington,61204,46
83,South Dakota,Lincoln,61128,39
47,Oklahoma,Garfield,61056,35
149,Michigan,St. Joseph,60964,34
125,Kentucky,Laurel,60813,39
71,Washington,Walla Walla,60760,62
35,Tennessee,Cumberland,60520,45
77,North Carolina,Granville,60443,42
143,Virginia,Pittsylvania,60354,38
15,Pennsylvania,Bradford,60323,40
45,Colorado,Garfield,60061,49
167,Ohio,Washington,59911,41
113,Louisiana,Vermilion,59511,38
77,New York,Otsego,59493,41
87,Ohio,Lawrence,59463,39
21,New York,Columbia,59461,44
113,Missouri,Lincoln,59013,37
159,Ohio,Union,58988,44
55,West Virginia,Mercer,58758,46
111,Minnesota,Otter Tail,58746,35
61,North Carolina,Duplin,58741,39
323,Texas,Maverick,58722,39
122,Alaska,Kenai Peninsula Borough,58708,46
87,Mississippi,Lowndes,58595,43
143,Ohio,Sandusky,58518,41
15,New Mexico,Eddy,58460,39
129,Ohio,Pickaway,58457,39
23,Vermont,Washington,58409,50
77,Ohio,Huron,58266,46
145,Missouri,Newton,58236,39
21,Vermont,Rutland,58191,44
17,Maine,Oxford,57975,47
129,Georgia,Gordon,57963,51
113,Alabama,Russell,57961,39
195,Kentucky,Pike,57876,28
9,Alabama,Blount,57826,39
1,Texas,Anderson,57735,32
199,Texas,Hardin,57602,39
21,Wisconsin,Columbia,57532,45
19,Nevada,Lyon,57510,39
21,South Carolina,Cherokee,57300,31
37,New York,Genesee,57280,44
37,West Virginia,Jefferson,57146,47
209,Kentucky,Scott,57004,45
73,Tennessee,Hawkins,56786,39
77,Illinois,Jackson,56750,46
467,Texas,Van Zandt,56590,45
25,Minnesota,Chisago,56579,44
31,Tennessee,Coffee,56520,35
79,West Virginia,Putnam,56450,43
19,Tennessee,Carter,56391,36
67,Colorado,La Plata,56221,41
189,North Carolina,Watauga,56177,49
49,West Virginia,Marion,56072,39
3,Utah,Box Elder,56046,46
67,Virginia,Franklin,56042,43
107,North Carolina,Lenoir,55949,39
213,Missouri,Taney,55928,41
510,Nevada,Carson City,55916,52
1,Alabama,Autauga,55869,40
51,Oklahoma,Grady,55834,45
103,Pennsylvania,Pike,55809,52
109,Mississippi,Pearl River,55535,51
47,North Carolina,Columbus,55508,35
473,Texas,Waller,55246,35
33,Alabama,Colbert,55241,39
93,North Carolina,Hoke,55234,46
147,Ohio,Seneca,55178,39
195,Illinois,Whiteside,55175,49
37,Colorado,Eagle,55127,58
27,Vermont,Windsor,55062,50
9,Maine,Hancock,54987,32
31,Virginia,Campbell,54885,33
21,Utah,Iron,54839,41
39,Georgia,Camden,54666,40
89,Tennessee,Jefferson,54495,51
109,California,Tuolumne,54478,35
401,Texas,Rusk,54406,46
169,Kansas,Saline,54224,34
113,Kentucky,Jessamine,54115,42
105,Tennessee,Loudon,54068,42
101,Missouri,Johnson,54062,43
71,Mississippi,Lafayette,54019,44
7,Arizona,Gila,54018,36
43,Tennessee,Dickson,53948,44
107,Tennessee,McMinn,53794,42
191,Virginia,Washington,53740,38
7,Illinois,Boone,53544,28
5,Ohio,Ashland,53484,46
99,Louisiana,St. Martin,53431,41
35,New York,Fulton,53383,44
145,Tennessee,Roane,53382,43
89,Louisiana,St. Charles,53100,51
660,Virginia,Harrisonburg city,53016,51
7,Nevada,Elko,52778,45
73,Texas,Cherokee,52646,37
169,Missouri,Pulaski,52607,44
47,Virginia,Culpeper,52605,42
265,Texas,Kerr,52600,32
9,Oregon,Columbia,52354,37
31,Alabama,Coffee,52342,31
47,Maryland,Worcester,52276,44
157,Michigan,Tuscola,52245,43
27,Michigan,Cass,51787,37
71,Alabama,Jackson,51626,44
325,Texas,Medina,51584,46
147,Oklahoma,Washington,51527,45
65,North Carolina,Edgecombe,51472,36
181,Iowa,Warren,51466,40
43,Wisconsin,Grant,51439,39
127,Pennsylvania,Wayne,51361,58
373,Texas,Polk,51353,35
13,Texas,Atascosa,51153,39
37,Ohio,Darke,51113,47
493,Texas,Wilson,51070,39
63,Illinois,Grundy,51054,40
73,Kentucky,Franklin,50991,46
135,Wisconsin,Waupaca,50990,37
121,Pennsylvania,Venango,50668,35
141,Illinois,Ogle,50643,33
29,Illinois,Coles,50621,26
89,Virginia,Henry,50557,34
25,Maine,Somerset,50484,35
169,Minnesota,Winona,50484,39
35,Maryland,Queen Anne's,50381,41
349,Texas,Navarro,50113,37
75,Washington,Whitman,50104,42
15,Wisconsin,Calumet,50089,45
33,New York,Franklin,50022,39
83,North Carolina,Halifax,50010,35
41,Oregon,Lincoln,49962,39
277,Texas,Lamar,49859,39
79,Oklahoma,Le Flore,49853,36
3,Tennessee,Bedford,49713,39
95,Illinois,Knox,49699,35
19,Nebraska,Buffalo,49659,44
105,Mississippi,Oktibbeha,49587,42
29,Indiana,Dearborn,49458,40
11,Vermont,Franklin,49402,43
101,Louisiana,St. Mary,49348,43
57,New York,Montgomery,49221,49
45,Alabama,Dale,49172,32
53,Tennessee,Gibson,49133,42
465,Texas,Val Verde,49025,38
211,Kentucky,Shelby,49024,36
123,Michigan,Newaygo,48980,41
9,New Mexico,Curry,48954,40
73,Illinois,Henry,48913,37
3,New Hampshire,Carroll,48910,48
5,Nevada,Douglas,48905,41
21,Oklahoma,Cherokee,48657,37
149,Ohio,Shelby,48590,37
107,New York,Tioga,48203,50
53,Texas,Burnet,48155,39
19,Oklahoma,Carter,48111,39
83,Oklahoma,Logan,48011,45
13,Oklahoma,Bryan,47995,39
65,Indiana,Henry,47972,37
35,Arkansas,Crittenden,47955,45
37,Washington,Kittitas,47935,57
9,Pennsylvania,Bedford,47888,33
43,Colorado,Fremont,47839,40
113,Indiana,Noble,47744,55
45,Mississippi,Hancock,47632,48
23,New York,Cortland,47581,42
175,Georgia,Laurens,47546,45
259,Texas,Kendall,47431,39
115,Louisiana,Vernon,47429,40
540,Virginia,Charlottesville city,47266,47
87,Louisiana,St. Bernard,47244,49
17,New York,Chenango,47207,46
7,Minnesota,Beltrami,47188,37
39,New York,Greene,47188,49
13,North Carolina,Beaufort,46994,38
113,Oklahoma,Osage,46963,39
11,Idaho,Bingham,46811,44
61,Louisiana,Lincoln,46742,41
19,Kentucky,Boyd,46718,35
123,Tennessee,Monroe,46545,43
23,Nevada,Nye,46523,44
23,Arizona,Santa Cruz,46498,45
45,Iowa,Clinton,46429,37
63,Florida,Jackson,46414,45
5,Wyoming,Campbell,46341,44
49,Minnesota,Goodhue,46340,39
29,Missouri,Camden,46305,41
99,Pennsylvania,Perry,46272,36
99,Indiana,Marshall,46258,38
81,Wisconsin,Monroe,46253,39
179,Kentucky,Nelson,46233,50
117,Louisiana,Washington,46194,47
87,Pennsylvania,Mifflin,46138,35
3,New York,Allegany,46091,48
9,California,Calaveras,45905,40
111,North Carolina,McDowell,45756,39
17,Idaho,Bonner,45739,34
65,Washington,Stevens,45723,44
91,Ohio,Logan,45672,41
39,Florida,Gadsden,45660,39
11,Ohio,Auglaize,45656,36
25,South Carolina,Chesterfield,45650,40
59,Michigan,Hillsdale,45605,40
71,Georgia,Colquitt,45600,40
169,North Carolina,Stokes,45591,31
499,Texas,Wood,45539,32
149,Mississippi,Warren,45381,35
93,Indiana,Lawrence,45370,40
33,Wisconsin,Dunn,45368,44
137,Georgia,Habersham,45328,36
55,Arkansas,Greene,45325,45
5,Wisconsin,Barron,45244,30
101,Kentucky,Henderson,45210,45
61,Pennsylvania,Huntingdon,45144,36
61,Minnesota,Itasca,45130,34
117,Illinois,Macoupin,44926,31
119,Pennsylvania,Union,44923,35
9,Georgia,Baldwin,44890,43
153,North Carolina,Richmond,44829,36
27,Missouri,Callaway,44743,41
97,Ohio,Madison,44731,41
145,Indiana,Shelby,44729,44
107,Kentucky,Hopkins,44686,38
161,Missouri,Phelps,44573,27
181,North Carolina,Vance,44535,41
177,Illinois,Stephenson,44498,42
275,Georgia,Thomas,44451,39
21,Alabama,Chilton,44428,39
121,Florida,Suwannee,44417,37
9,Kentucky,Barren,44249,33
71,Indiana,Jackson,44231,40
99,Tennessee,Lawrence,44142,34
25,New York,Delaware,44135,52
75,Ohio,Holmes,43960,34
99,North Carolina,Jackson,43938,26
151,Mississippi,Washington,43909,43
71,Texas,Chambers,43837,40
81,Montana,Ravalli,43806,43
95,Wisconsin,Polk,43783,23
55,Texas,Caldwell,43664,36
121,Oklahoma,Pittsburg,43654,37
171,Virginia,Shenandoah,43616,39
93,California,Siskiyou,43539,43
71,Oklahoma,Kay,43538,49
23,Michigan,Branch,43517,33
33,Indiana,DeKalb,43475,39
107,Michigan,Mecosta,43453,38
15,Ohio,Brown,43432,34
17,Washington,Douglas,43429,41
65,Pennsylvania,Jefferson,43425,26
69,Georgia,Coffee,43273,42
91,Arkansas,Miller,43257,33
67,Minnesota,Kandiyohi,43199,38
71,Ohio,Highland,43161,40
31,Wisconsin,Douglas,43150,44
19,New Hampshire,Sullivan,43146,42
137,Oklahoma,Stephens,43143,39
41,Oklahoma,Delaware,43009,39
59,North Carolina,Davie,42846,42
95,Louisiana,St. John the Baptist,42837,50
85,Colorado,Montrose,42758,43
93,Wisconsin,Pierce,42754,55
37,Indiana,Dubois,42736,41
143,Texas,Erath,42698,39
139,Iowa,Muscatine,42664,45
233,Georgia,Polk,42613,58
23,Missouri,Butler,42478,32
33,Iowa,Cerro Gordo,42450,42
19,West Virginia,Fayette,42406,26
37,Wyoming,Sweetwater,42343,40
159,Missouri,Pettis,42339,37
47,Washington,Okanogan,42243,39
25,Vermont,Windham,42222,43
51,Tennessee,Franklin,42208,42
93,Florida,Okeechobee,42168,32
43,Utah,Summit,42145,50
51,Ohio,Fulton,42126,37
51,Florida,Hendry,42022,36
27,Ohio,Clinton,41968,42
5,Arkansas,Baxter,41932,37
459,Texas,Upshur,41753,44
135,Oklahoma,Sequoyah,41569,38
481,Texas,Wharton,41556,39
75,Florida,Levy,41503,37
33,Ohio,Crawford,41494,40
69,West Virginia,Ohio,41411,39
177,Tennessee,Warren,41277,34
97,Texas,Cooke,41257,30
107,Ohio,Mercer,41172,39
151,Michigan,Sanilac,41170,39
47,Tennessee,Fayette,41133,43
97,Oklahoma,Mayes,41100,40
683,Virginia,Manassas city,41085,39
115,Wisconsin,Shawano,40899,29
9,Minnesota,Benton,40889,48
135,Ohio,Preble,40882,34
57,Michigan,Gratiot,40711,37
21,Tennessee,Cheatham,40667,46
93,Arkansas,Mississippi,40651,31
277,Georgia,Tift,40644,44
83,Pennsylvania,McKean,40625,36
59,Minnesota,Isanti,40596,35
185,Virginia,Tazewell,40595,35
117,Pennsylvania,Tioga,40591,36
123,Ohio,Ottawa,40525,36
61,Indiana,Harrison,40515,43
249,Texas,Jim Wells,40482,32
87,Oklahoma,McClain,40474,45
69,Idaho,Nez Perce,40408,39
109,Pennsylvania,Snyder,40372,36
123,Alabama,Tallapoosa,40367,41
73,New York,Orleans,40352,40
75,Wisconsin,Marinette,40350,37
115,Pennsylvania,Susquehanna,40328,38
219,Georgia,Oconee,40280,44
7,Oregon,Clatsop,40224,40
187,Virginia,Warren,40164,38
9,Louisiana,Avoyelles,40144,43
91,Missouri,Howell,40117,31
57,Idaho,Latah,40108,32
213,Georgia,Murray,40096,36
99,Minnesota,Mower,40062,45
590,Virginia,Danville city,40044,41
65,Idaho,Madison,39907,47
121,New York,Wyoming,39859,47
13,Tennessee,Campbell,39842,50
139,North Carolina,Pasquotank,39824,44
13,Maine,Knox,39772,41
5,California,Amador,39752,44
27,Maine,Waldo,39715,40
29,Georgia,Bryan,39627,40
87,Indiana,LaGrange,39614,37
225,Missouri,Webster,39592,34
145,North Carolina,Person,39490,37
99,West Virginia,Wayne,39402,24
127,Iowa,Marshall,39369,37
113,Mississippi,Pike,39288,44
13,Wyoming,Fremont,39261,51
123,Pennsylvania,Warren,39191,39
35,Kentucky,Calloway,39001,44
57,Iowa,Des Moines,38967,38
39,New Mexico,Rio Arriba,38921,39
21,Ohio,Champaign,38885,40
1,Wyoming,Albany,38880,39
59,Ohio,Guernsey,38875,31
13,South Dakota,Brown,38839,42
9,Arizona,Graham,38837,50
37,Kansas,Crawford,38818,39
139,Arkansas,Union,38682,40
35,Pennsylvania,Clinton,38632,30
55,Illinois,Franklin,38469,38
111,Oklahoma,Okmulgee,38465,38
203,Illinois,Woodford,38459,50
71,South Carolina,Newberry,38440,43
31,Pennsylvania,Clarion,38438,36
109,Missouri,Lawrence,38355,0
149,Virginia,Prince George,38353,38
119,Louisiana,Webster,38340,45
107,Indiana,Montgomery,38338,40
123,Oklahoma,Pontotoc,38284,41
201,Missouri,Scott,38280,44
69,Louisiana,Natchitoches,38158,41
41,Minnesota,Douglas,38141,35
39,Ohio,Defiance,38087,43
27,Florida,DeSoto,38001,42
83,Wisconsin,Oconto,37930,33
49,Texas,Brown,37864,44
63,Arkansas,Independence,37825,45
17,Indiana,Cass,37689,33
81,Illinois,Jefferson,37684,27
29,South Carolina,Colleton,37677,42
197,North Carolina,Yadkin,37667,35
109,Virginia,Louisa,37591,42
105,North Dakota,Williams,37589,33
133,Indiana,Putnam,37576,42
27,Illinois,Clinton,37562,49
11,Louisiana,Beauregard,37497,43
3,North Carolina,Alexander,37497,34
9,Arkansas,Boone,37432,45
195,Virginia,Wise,37383,30
33,Michigan,Chippewa,37349,41
73,Virginia,Gloucester,37348,44
83,Kentucky,Graves,37266,33
121,Illinois,Marion,37205,34
47,Alabama,Dallas,37196,39
99,Iowa,Jasper,37185,40
41,Maryland,Talbot,37181,48
45,Tennessee,Dyer,37159,45
93,Virginia,Isle of Wight,37109,43
223,Texas,Hopkins,37084,39
137,Virginia,Orange,37051,39
39,Alabama,Covington,37049,37
55,North Carolina,Dare,37009,31
45,Wisconsin,Green,36960,44
3,Mississippi,Alcorn,36953,34
31,New York,Essex,36885,46
1,Vermont,Addison,36777,44
171,Ohio,Williams,36692,31
227,Texas,Howard,36664,23
147,Minnesota,Steele,36649,43
217,Texas,Hill,36649,34
321,Texas,Matagorda,36643,48
53,Alabama,Escambia,36633,37
31,Ohio,Coshocton,36600,47
83,Indiana,Knox,36594,35
53,Nebraska,Dodge,36565,39
69,Indiana,Huntington,36520,37
55,Kansas,Finney,36467,35
235,Kentucky,Whitley,36264,25
49,Kentucky,Clark,36263,49
59,Pennsylvania,Greene,36233,39
127,Ohio,Perry,36134,33
29,Tennessee,Cocke,36004,43
187,Iowa,Webster,35904,37
85,Minnesota,McLeod,35893,29
477,Texas,Washington,35882,36
17,Minnesota,Carlton,35871,33
113,North Carolina,Macon,35858,31
23,Maine,Sagadahoc,35856,43
9,Missouri,Barry,35789,37
41,Michigan,Delta,35784,34
1,Indiana,Adams,35777,54
299,Georgia,Ware,35734,39
47,Utah,Uintah,35734,37
105,Missouri,Laclede,35723,0
61,Michigan,Houghton,35684,34
219,Missouri,Warren,35649,36
105,Illinois,Livingston,35648,42
157,Nebraska,Scotts Bluff,35618,35
85,Wisconsin,Oneida,35595,36
71,Kentucky,Floyd,35589,36
241,Texas,Jasper,35529,31
103,Indiana,Miami,35516,43
147,Texas,Fannin,35514,44
3,Vermont,Bennington,35470,57
117,Ohio,Morrow,35328,32
93,Mississippi,Marshall,35294,44
95,Mississippi,Monroe,35252,48
145,Georgia,Harris,35236,41
119,Nebraska,Madison,35099,41
89,Kentucky,Greenup,35098,28
11,South Dakota,Brookings,35077,40
179,Iowa,Wapello,34969,41
93,Montana,Silver Bow,34915,51
111,Nebraska,Lincoln,34914,46
35,Kansas,Cowley,34908,31
81,Oklahoma,Lincoln,34877,38
167,Iowa,Sioux,34855,42
165,North Carolina,Scotland,34823,42
19,Wisconsin,Clark,34774,38
25,West Virginia,Greenbrier,34662,37
133,Illinois,Monroe,34637,41
15,Maine,Lincoln,34634,49
151,Indiana,Steuben,34594,35
79,Kansas,Harvey,34429,37
5,Minnesota,Becker,34423,22
175,North Carolina,Transylvania,34385,40
117,Tennessee,Marshall,34375,34
103,Tennessee,Lincoln,34366,40
57,Illinois,Fulton,34340,23
103,Minnesota,Nicollet,34274,47
121,Kansas,Miami,34237,36
107,Mississippi,Panola,34192,43
85,Mississippi,Lincoln,34153,43
103,Illinois,Lee,34096,29
51,Utah,Wasatch,34091,48
155,Virginia,Pulaski,34027,30
99,New York,Seneca,34016,33
49,Illinois,Effingham,34008,30
183,Indiana,Whitley,33964,37
83,Virginia,Halifax,33911,40
137,Ohio,Putnam,33861,21
59,Arkansas,Hot Spring,33771,40
27,South Carolina,Clarendon,33745,44
129,Florida,Wakulla,33739,35
51,Indiana,Gibson,33659,40
137,Illinois,Morgan,33658,39
111,Iowa,Lee,33657,29
165,Michigan,Wexford,33631,43
57,Kansas,Ford,33619,47
187,Georgia,Lumpkin,33610,43
73,Indiana,Jasper,33562,39
141,Nebraska,Platte,33470,36
77,West Virginia,Preston,33432,40
23,Virginia,Botetourt,33419,43
47,Michigan,Emmet,33415,42
11,Maryland,Caroline,33406,43
189,Texas,Hale,33406,39
39,Louisiana,Evangeline,33395,43
97,Minnesota,Morrison,33386,14
27,Indiana,Daviess,33351,28
183,Tennessee,Weakley,33328,37
17,Alabama,Chambers,33254,45
125,Iowa,Marion,33253,27
111,Kansas,Lyon,33195,41
143,Tennessee,Rhea,33167,18
109,Alabama,Pike,33114,39
79,Alabama,Lawrence,32924,39
89,Oklahoma,McCurtain,32832,30
449,Texas,Titus,32750,30
55,New Mexico,Taos,32723,47
17,North Carolina,Bladen,32722,31
107,Missouri,Lafayette,32708,41
11,Illinois,Bureau,32628,37
227,Georgia,Pickens,32591,44
25,Texas,Bee,32565,25
47,Louisiana,Iberville,32511,45
79,Ohio,Jackson,32413,25
23,Indiana,Clinton,32399,37
79,Tennessee,Henry,32345,35
1,Virginia,Accomack,32316,44
77,Indiana,Jefferson,32308,33
21,Illinois,Christian,32304,44
23,South Carolina,Chester,32244,41
31,Washington,Jefferson,32221,58
115,Mississippi,Pontotoc,32174,42
167,Missouri,Polk,32149,26
45,West Virginia,Logan,32019,39
110,Alaska,Juneau City and Borough,31974,41
25,Tennessee,Claiborne,31959,40
209,Missouri,Stone,31952,34
19,Maryland,Dorchester,31929,32
55,Indiana,Greene,31922,35
125,Kansas,Montgomery,31829,35
157,Illinois,Randolph,31782,34
61,Kansas,Geary,31670,28
9,Virginia,Amherst,31605,42
7,New Hampshire,Coos,31563,30
89,North Dakota,Stark,31489,39
29,Maine,Washington,31379,30
123,Georgia,Gilmer,31369,34
53,Louisiana,Jefferson Davis,31368,39
65,Ohio,Hardin,31365,31
119,Minnesota,Polk,31364,29
59,North Dakota,Morton,31364,46
1,Nebraska,Adams,31363,46
59,Alabama,Franklin,31362,41
730,Virginia,Petersburg city,31346,34
29,Colorado,Delta,31162,40
121,Kentucky,Knox,31145,24
115,Oklahoma,Ottawa,31127,38
157,Kentucky,Marshall,31100,34
117,Colorado,Summit,31011,51
95,New York,Schoharie,30999,45
169,Indiana,Wabash,30996,36
63,Michigan,Huron,30981,37
35,Michigan,Clare,30950,43
39,Utah,Sanpete,30939,15
123,Wisconsin,Vernon,30822,9
311,Georgia,White,30798,39
33,Virginia,Caroline,30725,30
1,Mississippi,Adams,30693,44
273,Texas,Kleberg,30680,35
67,South Carolina,Marion,30657,39
11,Mississippi,Bolivar,30628,46
177,Kentucky,Muhlenberg,30622,40
117,Virginia,Mecklenburg,30587,43
35,California,Lassen,30573,0
45,Oregon,Malheur,30571,33
51,West Virginia,Marshall,30531,43
33,Wyoming,Sheridan,30485,53
33,South Carolina,Dillon,30479,43
47,Montana,Lake,30458,37
89,South Carolina,Williamsburg,30368,39
47,Minnesota,Freeborn,30281,32
7,Maine,Franklin,30199,38
173,Virginia,Smyth,30104,34
53,South Carolina,Jasper,30073,43
131,Tennessee,Obion,30069,35
21,Kentucky,Boyle,30060,36
15,Texas,Austin,30032,39
67,Texas,Cass,30026,44
5,Vermont,Caledonia,29993,40
177,Georgia,Lee,29992,53
305,Georgia,Wayne,29927,29
47,Pennsylvania,Elk,29910,26
53,Ohio,Gallia,29898,42
195,Georgia,Madison,29880,41
51,Idaho,Jefferson,29871,39
143,Georgia,Haralson,29792,38
35,Virginia,Carroll,29791,33
21,Minnesota,Cass,29779,41
93,Alabama,Marion,29709,43
163,Mississippi,Yazoo,29690,45
109,Illinois,McDonough,29682,22
145,Virginia,Powhatan,29652,36
121,Wisconsin,Trempealeau,29649,31
115,Minnesota,Pine,29579,25
261,Georgia,Sumter,29524,44
55,Tennessee,Giles,29464,34
3,Florida,Baker,29210,49
29,Wyoming,Park,29194,47
363,Texas,Palo Pinto,29189,31
105,Michigan,Mason,29144,26
69,Missouri,Dunklin,29131,44
99,Mississippi,Neshoba,29118,37
87,Colorado,Morgan,29068,45
630,Virginia,Fredericksburg city,29036,39
207,Missouri,Stoddard,29025,38
23,Maryland,Garrett,29014,41
39,Oklahoma,Custer,29003,45
115,Tennessee,Marion,28907,42
17,Vermont,Orange,28892,48
79,Minnesota,Le Sueur,28887,42
185,Texas,Grimes,28880,39
407,Texas,San Jacinto,28859,35
145,Mississippi,Union,28815,43
29,West Virginia,Hancock,28810,37
15,Oklahoma,Caddo,28762,37
169,Georgia,Jones,28735,39
83,West Virginia,Randolph,28695,34
197,Virginia,Wythe,28684,35
107,Illinois,Logan,28618,32
39,North Carolina,Cherokee,28612,42
35,West Virginia,Jackson,28576,44
163,Kentucky,Meade,28572,31
51,Kansas,Ellis,28553,22
53,Virginia,Dinwiddie,28544,26
113,Kansas,McPherson,28542,37
127,Missouri,Marion,28530,17
47,Ohio,Fayette,28525,39
135,Illinois,Montgomery,28414,35
7,Michigan,Alpena,28405,22
21,California,Glenn,28393,36
15,Arkansas,Carroll,28380,32
93,South Dakota,Meade,28332,39
137,Indiana,Ripley,28324,42
137,Mississippi,Tate,28321,42
179,Indiana,Wells,28296,50
161,Ohio,Van Wert,28275,36
73,Ohio,Hocking,28264,22
7,Florida,Bradford,28201,42
83,Mississippi,Leflore,28183,51
173,Kentucky,Montgomery,28157,52
123,Mississippi,Scott,28124,45
77,Tennessee,Henderson,28117,28
840,Virginia,Winchester city,28078,35
29,Mississippi,Copiah,28065,51
175,Indiana,Washington,28036,43
29,South Dakota,Codington,28009,41
15,California,Del Norte,27812,31
131,Ohio,Pike,27772,36
17,Tennessee,Carroll,27767,43
53,North Carolina,Currituck,27763,35
79,Indiana,Jennings,27735,46
49,Oklahoma,Garvin,27711,44
1,Ohio,Adams,27698,29
29,Wisconsin,Door,27668,34
69,Wisconsin,Lincoln,27593,2
207,Georgia,Monroe,27578,44
225,Georgia,Peach,27546,45
39,Idaho,Elmore,27511,34
31,Louisiana,De Soto,27463,44
185,Tennessee,White,27345,39
87,South Carolina,Union,27316,39
47,New Mexico,San Miguel,27277,45
65,Virginia,Fluvanna,27270,42
37,South Carolina,Edgefield,27260,43
9,North Carolina,Ashe,27203,29
123,North Carolina,Montgomery,27173,40
75,Illinois,Iroquois,27114,37
141,Kentucky,Logan,27102,41
19,Vermont,Orleans,27037,40
57,Oregon,Tillamook,27036,38
69,Ohio,Henry,27006,25
17,New Mexico,Grant,26998,32
171,Texas,Gillespie,26988,31
49,Florida,Hardee,26937,32
19,Ohio,Carroll,26914,42
57,West Virginia,Mineral,26868,30
99,Virginia,King George,26836,38
61,Oregon,Union,26835,44
279,Georgia,Toombs,26830,38
43,Kentucky,Carter,26797,28
131,Pennsylvania,Wyoming,26794,29
463,Texas,Uvalde,26741,37
239,Kentucky,Woodford,26734,37
39,Colorado,Elbert,26729,43
57,Wisconsin,Juneau,26687,39
65,Oregon,Wasco,26682,38
6,New Mexico,Cibola,26675,40
127,Mississippi,Simpson,26658,43
167,Virginia,Russell,26586,27
71,Arkansas,Johnson,26578,36
31,Indiana,Decatur,26559,40
53,West Virginia,Mason,26516,38
127,Michigan,Oceana,26467,38
121,Louisiana,West Baton Rouge,26465,45
85,Kentucky,Grayson,26427,39
87,Georgia,Decatur,26404,39
293,Georgia,Upson,26320,37
49,New York,Lewis,26296,35
95,Minnesota,Mille Lacs,26277,17
61,Alabama,Geneva,26271,22
25,Nebraska,Cass,26248,52
15,Iowa,Boone,26234,36
21,Indiana,Clay,26225,35
147,Georgia,Hart,26205,37
19,Alabama,Cherokee,26196,39
111,Georgia,Fannin,26188,40
83,Colorado,Montezuma,26183,35
29,Michigan,Charlevoix,26143,51
69,South Carolina,Marlboro,26118,43
85,Georgia,Dawson,26108,44
13,Kentucky,Bell,26032,0
95,Kentucky,Harlan,26010,0
257,Georgia,Stephens,25925,40
81,South Dakota,Lawrence,25844,37
9,Kansas,Barton,25779,33
217,Kentucky,Taylor,25769,35
193,Kentucky,Perry,25758,29
109,Tennessee,McNairy,25694,35
71,Tennessee,Hardin,25652,40
11,Iowa,Benton,25645,39
107,Colorado,Routt,25638,51
97,Tennessee,Lauderdale,25633,32
3,Louisiana,Allen,25627,41
131,Missouri,Miller,25619,18
39,Maryland,Somerset,25616,43
59,Kansas,Franklin,25544,50
83,Minnesota,Lyon,25474,34
133,Florida,Washington,25473,38
51,Michigan,Gladwin,25449,42
129,Indiana,Posey,25427,38
215,Missouri,Texas,25398,4
7,Missouri,Audrain,25388,14
119,Colorado,Teller,25388,41
15,Vermont,Lamoille,25362,39
149,Texas,Fayette,25346,39
1,Missouri,Adair,25343,41
775,Virginia,Salem city,25301,31
267,Georgia,Tattnall,25286,42
31,Michigan,Cheboygan,25276,35
419,Texas,Shelby,25274,37
43,Michigan,Dickinson,25239,33
81,Tennessee,Hickman,25178,32
149,Iowa,Plymouth,25177,30
69,Michigan,Iosco,25127,39
117,Mississippi,Prentiss,25126,39
133,Mississippi,Sunflower,25110,42
81,Kentucky,Grant,25069,36
17,Iowa,Bremer,25062,31
69,Tennessee,Hardeman,25050,36
15,Minnesota,Brown,25008,33
123,Arkansas,St. Francis,24994,34
35,Georgia,Butts,24936,42
790,Virginia,Staunton city,24932,29
23,Arkansas,Cleburne,24919,48
123,New York,Yates,24913,31
1,Nevada,Churchill,24909,20
67,Louisiana,Morehouse,24874,39
331,Texas,Milam,24823,39
55,Georgia,Chattooga,24789,42
67,Pennsylvania,Juniata,24763,40
175,Missouri,Randolph,24748,39
221,Missouri,Washington,24730,25
5,Alabama,Barbour,24686,30
137,Michigan,Otsego,24668,47
135,Indiana,Randolph,24665,37
153,Minnesota,Todd,24664,21
31,Oregon,Jefferson,24658,19
131,Georgia,Grady,24633,33
111,Tennessee,Macon,24602,38
91,Mississippi,Marion,24573,41
101,Michigan,Manistee,24558,40
137,Kentucky,Lincoln,24549,31
65,Oklahoma,Jackson,24530,50
1,South Carolina,Abbeville,24527,45
291,Georgia,Union,24511,32
39,Mississippi,George,24500,43
67,West Virginia,Nicholas,24496,26
205,Kentucky,Rowan,24460,22
7,North Carolina,Anson,24446,33
137,Wisconsin,Waushara,24443,27
53,Idaho,Jerome,24412,34
13,Oregon,Crook,24404,30
149,Kansas,Pottawatomie,24383,40
133,Oklahoma,Seminole,24258,35
97,West Virginia,Upshur,24176,38
181,Indiana,White,24102,36
31,Idaho,Cassia,24030,40
143,Michigan,Roscommon,24019,42
600,Virginia,Fairfax city,24019,31
183,Kentucky,Ohio,23994,29
75,Idaho,Payette,23951,39
55,Missouri,Crawford,23920,34
139,Virginia,Page,23902,33
85,Louisiana,Sabine,23884,35
143,Indiana,Scott,23873,42
75,Virginia,Goochland,23753,47
29,New Mexico,Luna,23709,23
49,Wisconsin,Iowa,23678,39
91,North Carolina,Hertford,23677,39
133,Alabama,Winston,23629,37
25,Alabama,Clarke,23622,32
47,Nebraska,Dawson,23595,42
111,Arkansas,Poinsett,23528,45
7,Texas,Aransas,23510,31
165,Illinois,Saline,23491,34
39,Wyoming,Teton,23464,46
133,Michigan,Osceola,23460,36
27,Arkansas,Columbia,23457,40
293,Texas,Limestone,23437,39
59,West Virginia,Mingo,23424,21
105,Virginia,Lee,23423,42
57,Mississippi,Itawamba,23390,43
103,Arkansas,Ouachita,23382,31
27,Oregon,Hood River,23382,41
119,Georgia,Franklin,23349,38
9,Michigan,Antrim,23324,34
57,Tennessee,Grainger,23320,32
93,Minnesota,Meeker,23222,34
75,Louisiana,Plaquemines,23197,45
365,Texas,Panola,23194,31
27,West Virginia,Hampshire,23175,25
19,Texas,Bandera,23112,24
41,Indiana,Fayette,23102,46
127,Virginia,New Kent,23091,36
13,Idaho,Blaine,23021,50
219,Texas,Hockley,23021,44
177,Missouri,Ray,23018,37
149,Indiana,Starke,22995,40
225,Texas,Houston,22968,14
15,Oregon,Curry,22925,27
105,Ohio,Meigs,22907,26
119,Missouri,McDonald,22837,39
191,Kansas,Sumner,22836,38
135,South Dakota,Yankton,22814,36
147,Virginia,Prince Edward,22802,52
79,Mississippi,Leake,22786,43
109,Michigan,Menominee,22780,23
195,Missouri,Saline,22761,30
47,Indiana,Franklin,22758,47
5,Kentucky,Anderson,22747,43
111,Alabama,Randolph,22722,37
107,Georgia,Emanuel,22646,33
820,Virginia,Waynesboro city,22630,33
33,North Carolina,Caswell,22604,35
3,Washington,Asotin,22582,30
163,Virginia,Rockbridge,22573,41
670,Virginia,Hopewell city,22529,36
49,Washington,Pacific,22471,23
117,North Carolina,Martin,22440,33
39,Washington,Klickitat,22425,50
75,Colorado,Logan,22409,41
7,Alabama,Bibb,22394,34
43,Louisiana,Grant,22389,41
33,Georgia,Burke,22383,41
81,Georgia,Crisp,22372,40
39,South Carolina,Fairfield,22347,48
19,Arkansas,Clark,22320,45
133,Tennessee,Overton,22241,40
125,Wisconsin,Vilas,22195,38
1,Oklahoma,Adair,22194,39
115,Kentucky,Johnson,22188,28
27,Mississippi,Coahoma,22124,46
237,Georgia,Putnam,22119,32
111,Louisiana,Union,22108,39
123,Iowa,Mahaska,22095,38
147,Missouri,Nodaway,22092,29
151,Tennessee,Scott,22068,43
139,Mississippi,Tippah,22015,44
183,Iowa,Washington,21965,46
9,West Virginia,Brooke,21939,26
167,Kentucky,Mercer,21933,38
7,Louisiana,Assumption,21891,45
179,Texas,Gray,21886,32
205,Georgia,Mitchell,21863,40
9,Oklahoma,Beckham,21859,34
83,Missouri,Henry,21824,51
299,Texas,Llano,21795,39
83,Illinois,Jersey,21773,30
175,Ohio,Wyandot,21772,38
89,Michigan,Leelanau,21761,51
115,North Carolina,Madison,21755,8
77,Louisiana,Pointe Coupee,21730,38
457,Texas,Tyler,21672,29
173,Illinois,Shelby,21634,26
105,Minnesota,Nobles,21629,23
157,Minnesota,Wabasha,21627,43
41,Utah,Sevier,21620,18
155,Nebraska,Saunders,21578,40
123,Florida,Taylor,21569,26
169,Virginia,Scott,21566,23
133,Kentucky,Letcher,21553,28
11,California,Colusa,21547,37
57,Arkansas,Hempstead,21532,39
67,Nebraska,Gage,21513,31
89,Texas,Colorado,21493,32
165,Texas,Gaines,21492,39
57,Minnesota,Hubbard,21491,0
83,Arkansas,Logan,21466,27
5,West Virginia,Boone,21457,25
175,Kansas,Seward,21428,26
281,Texas,Lampasas,21428,30
129,Tennessee,Morgan,21403,36
489,Texas,Willacy,21358,37
149,Arkansas,Yell,21341,28
51,Illinois,Fayette,21336,36
3,Kentucky,Allen,21315,42
189,Georgia,McDuffie,21312,38
57,Texas,Calhoun,21290,38
85,Illinois,Jo Daviess,21235,42
19,Iowa,Buchanan,21175,40
199,Georgia,Meriwether,21167,40
12,Arizona,La Paz,21108,38
93,Louisiana,St. James,21096,45
79,North Carolina,Greene,21069,37
45,Minnesota,Fillmore,21067,44
67,Idaho,Minidoka,21039,34
101,Mississippi,Newton,21018,40
27,Virginia,Buchanan,21004,26
129,Michigan,Ogemaw,20997,38
341,Texas,Moore,20940,34
233,Texas,Hutchinson,20938,29
39,Minnesota,Dodge,20934,43
145,Illinois,Perry,20916,22
11,South Carolina,Barnwell,20866,34
29,Arkansas,Conway,20846,40
177,Texas,Gonzales,20837,32
119,Indiana,Owen,20799,45
43,Mississippi,Grenada,20758,43
99,Alabama,Monroe,20733,36
177,Nebraska,Washington,20729,41
149,North Carolina,Polk,20724,36
93,North Dakota,Stutsman,20704,25
105,Iowa,Jones,20681,34
153,Indiana,Sullivan,20669,40
53,Wisconsin,Jackson,20643,34
141,Missouri,Morgan,20627,34
91,Georgia,Dodge,20605,39
217,Missouri,Vernon,20563,24
41,Tennessee,DeKalb,20490,40
27,Kentucky,Breckinridge,20477,36
81,South Carolina,Saluda,20473,45
7,Utah,Carbon,20463,30
75,Indiana,Jay,20436,32
61,Wisconsin,Kewaunee,20434,27
43,West Virginia,Lincoln,20409,19
109,West Virginia,Wyoming,20394,26
49,Missouri,Clinton,20387,41
303,Georgia,Washington,20374,41
15,Colorado,Chaffee,20356,43
119,Wisconsin,Taylor,20343,0
231,Kentucky,Wayne,20333,39
163,Texas,Frio,20306,25
147,Indiana,Spencer,20277,31
15,Indiana,Carroll,20257,37
321,Georgia,Worth,20247,44
41,Wyoming,Uinta,20226,31
1,Wisconsin,Adams,20220,31
153,Oklahoma,Woodward,20211,31
153,Mississippi,Wayne,20183,31
27,Iowa,Carroll,20165,52
123,Texas,DeWitt,20160,45
159,Tennessee,Smith,20157,37
285,Texas,Lavaca,20154,46
83,Louisiana,Richland,20122,41
253,Texas,Jones,20083,25
43,Nebraska,Dakota,20026,21
41,Louisiana,Franklin,20015,36
191,Iowa,Winneshiek,19991,46
139,Oklahoma,Texas,19983,35
1,Washington,Adams,19983,41
53,Montana,Lincoln,19980,38
49,Indiana,Fulton,19974,37
173,Tennessee,Union,19972,36
113,Arkansas,Polk,19964,45
87,Iowa,Henry,19954,43
21,Kansas,Cherokee,19939,45
13,Utah,Duchesne,19938,30
107,Alabama,Pickens,19930,39
51,Kentucky,Clay,19901,14
23,Wyoming,Lincoln,19830,30
79,Virginia,Greene,19819,38
337,Texas,Montague,19818,37
17,Kentucky,Bourbon,19788,50
35,South Dakota,Davison,19775,54
185,North Carolina,Warren,19731,29
161,Texas,Freestone,19717,18
91,Minnesota,Martin,19683,47
3,Arkansas,Ashley,19657,35
65,Iowa,Fayette,19650,43
117,Indiana,Orange,19646,38
21,Iowa,Buena Vista,19620,26
99,Kansas,Labette,19618,33
59,Florida,Holmes,19617,34
91,Oklahoma,McIntosh,19596,21
27,New Mexico,Lincoln,19572,29
183,Georgia,Long,19559,39
131,North Carolina,Northampton,19483,39
229,Georgia,Pierce,19465,41
41,Illinois,Douglas,19465,39
13,Alabama,Butler,19448,39
15,Missouri,Benton,19443,38
97,Iowa,Jackson,19439,34
29,Maryland,Kent,19422,39
19,Georgia,Berrien,19397,34
141,Mississippi,Tishomingo,19383,33
28,New Mexico,Los Alamos,19369,29
215,Kentucky,Spencer,19351,43
25,Mississippi,Clay,19316,43
211,Georgia,Morgan,19276,41
155,Kentucky,Marion,19273,34
29,Louisiana,Concordia,19259,33
11,Georgia,Banks,19234,34
49,South Carolina,Hampton,19222,31
1,Kentucky,Adair,19202,28
105,Georgia,Elbert,19194,30
67,Wisconsin,Langlade,19189,0
123,Indiana,Perry,19169,23
157,Missouri,Perry,19136,41
37,Louisiana,East Feliciana,19135,38
25,Georgia,Brantley,19109,27
171,Georgia,Lamar,19077,44
87,Kansas,Jefferson,19043,38
99,Kentucky,Hart,19035,26
231,Georgia,Pike,18962,36
15,North Carolina,Bertie,18947,39
47,Wisconsin,Green Lake,18913,20
97,Kentucky,Harrison,18886,56
91,Alabama,Marengo,18863,38
93,Colorado,Park,18845,44
63,California,Plumas,18807,33
3,Texas,Andrews,18705,34
35,Texas,Bosque,18685,18
125,Ohio,Paulding,18672,27
33,Illinois,Crawford,18667,34
31,Mississippi,Covington,18636,36
31,Iowa,Cedar,18627,40
161,Minnesota,Waseca,18612,49
55,Minnesota,Houston,18600,28
41,Florida,Gilchrist,18582,26
85,Tennessee,Humphreys,18582,33
213,Kentucky,Simpson,18572,40
117,Texas,Deaf Smith,18546,43
49,Tennessee,Fentress,18523,34
157,Iowa,Poweshiek,18504,42
41,New Mexico,Roosevelt,18500,37
79,Florida,Madison,18493,32
41,Kansas,Dickinson,18466,19
5,South Dakota,Beadle,18453,54
51,Texas,Burleson,18443,36
50,Alaska,Bethel Census Area,18386,26
1,Georgia,Appling,18386,34
133,Texas,Eastland,18360,39
131,Mississippi,Stone,18336,28
133,Georgia,Greene,18324,40
163,Missouri,Pike,18302,34
101,Iowa,Jefferson,18295,31
229,Missouri,Wright,18289,37
89,Colorado,Otero,18278,39
53,Arkansas,Grant,18265,45
750,Virginia,Radford city,18249,38
93,Pennsylvania,Montour,18230,43
43,Arkansas,Drew,18219,39
7,Mississippi,Attala,18174,43
45,Idaho,Gem,18112,37
199,North Carolina,Yancey,18069,0
87,Alabama,Macon,18068,35
27,California,Inyo,18039,39
79,Michigan,Kalkaska,18038,40
193,Virginia,Westmoreland,18015,30
503,Texas,Young,18010,37
121,Arkansas,Randolph,17958,38
159,Mississippi,Winston,17955,45
207,Kentucky,Russell,17923,33
186,Missouri,Ste. Genevieve,17894,33
65,West Virginia,Morgan,17884,35
171,Tennessee,Unicoi,17883,38
97,New York,Schuyler,17807,36
91,Tennessee,Johnson,17788,36
107,Arkansas,Phillips,17782,28
97,Colorado,Pitkin,17767,53
19,Michigan,Benzie,17766,16
47,Arkansas,Franklin,17715,27
3,Missouri,Andrew,17712,22
53,Missouri,Cooper,17709,39
67,Illinois,Hancock,17708,25
79,Kentucky,Garrard,17666,19
175,Virginia,Southampton,17631,38
47,West Virginia,McDowell,17624,26
141,Virginia,Patrick,17608,12
55,Washington,San Juan,17582,44
11,North Carolina,Avery,17557,0
43,Iowa,Clayton,17549,38
65,South Dakota,Hughes,17526,41
1,Arkansas,Arkansas,17486,35
685,Virginia,Manassas Park city,17478,35
51,Colorado,Gunnison,17462,54
135,Arkansas,Sharp,17442,31
289,Texas,Leon,17404,34
570,Virginia,Colonial Heights city,17370,23
7,Massachusetts,Dukes,17332,39
75,Tennessee,Haywood,17304,35
23,Tennessee,Chester,17297,42
145,Texas,Falls,17297,40
159,Nebraska,Seward,17284,28
75,Georgia,Cook,17270,34
59,Iowa,Dickinson,17258,37
103,Wisconsin,Richland,17252,37
287,Texas,Lee,17239,31
147,Kentucky,McCreary,17231,39
67,Alabama,Henry,17205,30
43,California,Mariposa,17203,5
45,Illinois,Edgar,17161,0
29,Virginia,Buckingham,17148,33
101,Virginia,King William,17148,34
241,Georgia,Rabun,17137,33
17,Mississippi,Chickasaw,17103,42
143,Missouri,New Madrid,17076,31
395,Texas,Robertson,17074,39
161,Kentucky,Mason,17070,38
55,Iowa,Delaware,17011,26
51,Mississippi,Holmes,17010,45
133,Arkansas,Sevier,17007,45
121,Indiana,Parke,16937,30
95,Oklahoma,Marshall,16931,26
59,Missouri,Dallas,16878,26
171,Iowa,Tama,16854,42
83,Iowa,Hardin,16846,37
187,Illinois,Warren,16844,22
139,Tennessee,Polk,16832,31
13,Nevada,Humboldt,16831,36
61,South Carolina,Lee,16828,46
29,Florida,Dixie,16826,29
47,Iowa,Crawford,16820,34
21,Maine,Piscataquis,16785,14
520,Virginia,Bristol city,16762,37
71,Virginia,Giles,16720,27
67,Arkansas,Jackson,16719,20
415,Texas,Scurry,16703,24
17,Georgia,Ben Hill,16700,40
203,Kentucky,Rockcastle,16695,33
91,West Virginia,Taylor,16695,27
89,Arkansas,Marion,16694,23
181,Tennessee,Wayne,16673,34
49,Idaho,Idaho,16667,39
65,Wisconsin,Lafayette,16665,26
181,Illinois,Union,16653,18
53,New Mexico,Socorro,16637,53
67,Montana,Park,16606,37
139,Indiana,Rush,16581,39
87,Arkansas,Madison,16576,25
113,Wisconsin,Sawyer,16558,24
141,Arkansas,Van Buren,16545,45
105,Pennsylvania,Potter,16526,44
41,Montana,Hill,16484,39
1,West Virginia,Barbour,16441,32
5,Illinois,Bond,16426,35
37,Arkansas,Cross,16419,40
75,Arkansas,Lawrence,16406,40
61,Mississippi,Jasper,16383,32
117,Oklahoma,Pawnee,16376,47
45,Indiana,Fountain,16346,38
147,Illinois,Piatt,16344,31
121,Iowa,Madison,16338,32
65,Minnesota,Kanabec,16337,2
129,Alabama,Washington,16326,44
57,Alabama,Fayette,16302,34
3,Colorado,Alamosa,16233,37
25,Virginia,Brunswick,16231,33
191,Illinois,Wayne,16215,16
95,Iowa,Iowa,16184,37
77,North Dakota,Richland,16177,24
13,Missouri,Bates,16172,43
5,Tennessee,Benton,16160,38
45,Kentucky,Casey,16159,19
135,Missouri,Moniteau,16132,41
23,Wisconsin,Crawford,16131,32
103,Kentucky,Henry,16126,33
1,Oregon,Baker,16124,0
83,Georgia,Dade,16116,34
5,Kansas,Atchison,16073,34
41,Iowa,Clay,16016,33
131,Nebraska,Otoe,16012,31
133,Kansas,Neosho,16007,39
389,Texas,Reeves,15976,0
139,Kansas,Osage,15949,37
127,South Dakota,Union,15932,37
129,Mississippi,Smith,15916,44
11,Virginia,Appomattox,15911,27
41,West Virginia,Lewis,15907,27
1,Minnesota,Aitkin,15886,16
271,Georgia,Telfair,15860,34
371,Texas,Pecos,15823,27
155,Missouri,Pemiscot,15805,40
73,Oklahoma,Kingfisher,15765,31
63,Virginia,Floyd,15749,24
49,Louisiana,Jackson,15744,39
49,Colorado,Grand,15734,45
129,Wisconsin,Washburn,15720,19
101,Illinois,Lawrence,15678,26
27,Louisiana,Claiborne,15670,43
67,Iowa,Floyd,15642,2
39,Illinois,De Witt,15638,30
255,Texas,Karnes,15601,38
77,Wisconsin,Marquette,15574,34
65,Missouri,Dent,15573,0
125,Louisiana,West Feliciana,15568,37
3,Wisconsin,Ashland,15562,33
149,Illinois,Pike,15561,29
77,Virginia,Grayson,15550,5
23,Mississippi,Clarke,15541,36
159,Illinois,Richland,15513,26
165,Indiana,Vermillion,15498,32
57,New Mexico,Torrance,15461,34
27,Georgia,Brooks,15457,35
23,Illinois,Clark,15441,34
131,Illinois,Mercer,15437,31
13,Wisconsin,Burnett,15414,0
163,Georgia,Jefferson,15362,34
127,Kentucky,Lawrence,15317,33
37,Utah,San Juan,15308,36
221,Georgia,Oglethorpe,15259,33
125,Florida,Union,15237,33
135,Virginia,Nottoway,15232,39
117,Missouri,Livingston,15227,34
47,Idaho,Gooding,15179,32
127,Minnesota,Redwood,15170,27
135,Minnesota,Roseau,15165,26
159,Indiana,Tipton,15148,42
113,Michigan,Missaukee,15118,38
121,Missouri,Macon,15117,34
161,Georgia,Jeff Davis,15115,30
129,Iowa,Mills,15109,29
145,Iowa,Page,15107,38
13,Indiana,Brown,15092,40
103,West Virginia,Wetzel,15065,35
7,Tennessee,Bledsoe,15064,36
67,Ohio,Harrison,15040,18
7,Wisconsin,Bayfield,15036,45
153,Tennessee,Sequatchie,15026,32
53,North Dakota,McKenzie,15024,33
121,North Carolina,Mitchell,14964,31
830,Virginia,Williamsburg city,14954,47
125,Virginia,Nelson,14930,39
29,Alabama,Cleburne,14910,39
59,Louisiana,LaSalle,14892,34
11,Michigan,Arenac,14883,33
143,Minnesota,Sibley,14865,38
5,Virginia,Alleghany,14860,35
109,Iowa,Kossuth,14813,42
119,Kentucky,Knott,14806,22
7,Wyoming,Carbon,14800,43
79,Iowa,Hamilton,14773,28
239,Texas,Jackson,14760,38
353,Texas,Nolan,14714,9
73,Missouri,Gasconade,14706,32
15,Tennessee,Cannon,14678,38
23,Oklahoma,Choctaw,14672,37
65,Alabama,Hale,14651,34
221,Kentucky,Trigg,14651,21
455,Texas,Trinity,14651,29
43,Virginia,Clarke,14619,33
610,Virginia,Falls Church city,14617,20
191,Kentucky,Pendleton,14590,31
69,Kentucky,Fleming,14581,22
17,South Carolina,Calhoun,14553,47
21,Arkansas,Clay,14551,27
129,Minnesota,Renville,14548,50
11,Kansas,Bourbon,14534,41
57,Pennsylvania,Fulton,14530,28
115,Ohio,Morgan,14508,27
71,Colorado,Las Animas,14506,30
139,Illinois,Moultrie,14501,31
51,California,Mono,14444,40
23,Iowa,Butler,14439,37
47,Florida,Hamilton,14428,27
121,Ohio,Noble,14424,24
123,Kentucky,Larue,14398,37
225,Kentucky,Union,14381,38
191,Georgia,McIntosh,14378,34
13,Mississippi,Calhoun,14361,39
39,Missouri,Cedar,14349,34
51,Virginia,Dickenson,14318,0
15,Illinois,Carroll,14305,36
147,Mississippi,Walthall,14286,45
313,Texas,Madison,14284,24
173,North Carolina,Swain,14271,4
65,Florida,Jefferson,14246,29
33,Tennessee,Crockett,14230,15
151,Nebraska,Saline,14224,19
159,Georgia,Jasper,14219,40
505,Texas,Zapata,14179,27
107,Wisconsin,Rusk,14178,30
102,South Dakota,Oglala Lakota,14177,25
79,North Dakota,Rolette,14176,22
35,Oklahoma,Craig,14142,38
113,Minnesota,Pennington,14119,12
65,Kentucky,Estill,14106,0
13,Florida,Calhoun,14105,33
99,Oklahoma,Murray,14073,23
27,South Dakota,Clay,14070,35
9,South Carolina,Bamberg,14066,33
85,Iowa,Harrison,14049,51
7,Colorado,Archuleta,14029,34
39,Michigan,Crawford,14029,37
111,Indiana,Newton,13984,36
53,Michigan,Gogebic,13975,38
251,Georgia,Screven,13966,33
7,West Virginia,Braxton,13957,25
41,North Carolina,Chowan,13943,30
59,Texas,Callahan,13943,26
127,Louisiana,Winn,13904,39
130,Alaska,Ketchikan Gateway Borough,13901,47
189,Illinois,Washington,13887,46
41,Idaho,Franklin,13876,0
9,Wyoming,Converse,13822,36
43,Florida,Glades,13811,35
135,Mississippi,Tallahatchie,13809,41
75,Alabama,Lamar,13805,44
31,West Virginia,Hardy,13776,33
41,Alabama,Crenshaw,13772,38
127,Illinois,Massac,13772,32
5,Oklahoma,Atoka,13758,31
141,Iowa,O'Brien,13753,31
35,Montana,Glacier,13753,30
51,Washington,Pend Oreille,13724,31
161,Tennessee,Stewart,13715,29
87,West Virginia,Roane,13688,34
5,Iowa,Allamakee,13687,49
159,Minnesota,Wadena,13682,5
185,Nebraska,York,13679,34
111,Ohio,Monroe,13654,28
43,Minnesota,Faribault,13653,37
45,Florida,Gulf,13639,32
93,Texas,Comanche,13635,32
65,Arkansas,Izard,13629,27
151,Missouri,Osage,13615,34
351,Texas,Newton,13595,32
41,Mississippi,Greene,13586,27
193,Illinois,White,13537,13
143,North Carolina,Perquimans,13463,36
61,Tennessee,Grundy,13427,40
49,Georgia,Charlton,13392,54
93,Georgia,Dooly,13390,34
125,Illinois,Mason,13359,31
99,Wisconsin,Price,13351,22
109,Kentucky,Jackson,13329,25
3,Montana,Big Horn,13319,23
175,Kentucky,Morgan,13309,21
181,Missouri,Ripley,13288,36
81,Colorado,Moffat,13283,36
63,Oklahoma,Hughes,13279,0
135,Kentucky,Lewis,13275,35
63,West Virginia,Monroe,13275,22
113,Virginia,Madison,13261,39
13,Louisiana,Bienville,13241,43
27,Alabama,Clay,13235,39
15,Wyoming,Goshen,13211,37
61,Arkansas,Howard,13202,38
27,Utah,Millard,13188,30
67,Missouri,Douglas,13185,0
25,Illinois,Clay,13184,19
133,Missouri,Mississippi,13180,11
85,Kansas,Jackson,13171,42
7,Virginia,Amelia,13145,38
43,Idaho,Fremont,13099,39
63,Texas,Camp,13094,32
163,Ohio,Vinton,13085,5
11,Wisconsin,Buffalo,13031,33
79,Arkansas,Lincoln,13024,48
150,Alaska,Kodiak Island Borough,12998,17
61,Illinois,Greene,12969,23
53,Illinois,Ford,12961,33
193,Georgia,Macon,12947,40
233,Kentucky,Webster,12942,38
279,Texas,Lamb,12893,36
79,Idaho,Shoshone,12882,0
31,Kentucky,Butler,12879,36
23,Georgia,Bleckley,12873,34
223,Missouri,Wayne,12873,0
29,Iowa,Cass,12836,20
79,South Dakota,Lake,12797,31
487,Texas,Wilbarger,12769,19
33,Kentucky,Caldwell,12747,29
115,Texas,Dawson,12728,35
137,North Carolina,Pamlico,12726,35
25,Kentucky,Breathitt,12630,42
61,Oklahoma,Haskell,12627,16
141,Michigan,Presque Isle,12592,28
23,Alabama,Choctaw,12589,38
77,Mississippi,Lawrence,12586,44
89,West Virginia,Summers,12573,22
197,Iowa,Wright,12562,37
690,Virginia,Martinsville city,12554,0
63,Missouri,DeKalb,12547,32
379,Texas,Rains,12514,23
137,Arkansas,Stone,12506,40
11,Kentucky,Bath,12500,31
49,Arkansas,Fulton,12477,10
119,Alabama,Sumter,12427,34
7,Iowa,Appanoose,12426,38
121,Tennessee,Meigs,12422,38
87,Illinois,Johnson,12417,20
79,Georgia,Crawford,12404,28
125,Indiana,Pike,12389,21
343,Texas,Morris,12388,41
1,Kansas,Allen,12369,0
197,Kentucky,Powell,12359,33
131,Indiana,Pulaski,12353,27
445,Texas,Terry,12337,39
5,Mississippi,Amite,12297,38
219,Kentucky,Todd,12294,26
105,California,Trinity,12285,0
735,Virginia,Poquoson city,12271,38
101,Tennessee,Lewis,12268,39
81,Arkansas,Little River,12259,0
21,Idaho,Boundary,12245,1
175,Iowa,Union,12241,23
75,Iowa,Grundy,12232,29
71,Minnesota,Koochiching,12229,31
43,Montana,Jefferson,12221,40
297,Texas,Live Oak,12207,32
129,Illinois,Menard,12196,35
111,Virginia,Lunenburg,12196,26
99,Colorado,Prowers,12172,24
153,Kentucky,Magoffin,12161,0
61,Kentucky,Edmonson,12150,33
17,Illinois,Cass,12147,13
81,Idaho,Teton,12142,50
17,Missouri,Bollinger,12133,38
37,Florida,Franklin,12125,30
29,Utah,Morgan,12124,36
89,Montana,Sanders,12113,0
161,Mississippi,Yalobusha,12108,38
229,Kentucky,Washington,12095,36
133,Virginia,Northumberland,12095,36
123,Missouri,Madison,12088,27
59,Washington,Skamania,12083,37
35,Alabama,Conecuh,12067,32
281,Georgia,Towns,12037,30
387,Texas,Red River,12023,17
23,Utah,Juab,12017,30
475,Texas,Ward,11998,0
107,Oklahoma,Okfuskee,11993,23
111,Mississippi,Perry,11973,46
7,New Mexico,Colfax,11941,24
37,Iowa,Chickasaw,11933,27
31,Texas,Blanco,11931,39
149,Georgia,Heard,11923,44
115,Missouri,Linn,11920,30
115,Kansas,Marion,11884,30
37,Virginia,Charlotte,11880,29
85,Michigan,Lake,11853,22
507,Texas,Zavala,11840,16
73,Idaho,Owyhee,11823,35
23,Minnesota,Chippewa,11800,13
3,Wyoming,Big Horn,11790,21
87,Tennessee,Jackson,11786,31
9,Indiana,Blackford,11758,31
119,Iowa,Lyon,11755,30
11,Missouri,Barton,11754,0
131,Virginia,Northampton,11710,38
39,Tennessee,Decatur,11663,27
49,Oregon,Morrow,11603,37
187,North Carolina,Washington,11580,35
23,West Virginia,Grant,11568,21
73,North Carolina,Gates,11562,31
139,Missouri,Montgomery,11551,39
185,Illinois,Wabash,11520,27
71,North Dakota,Ramsey,11519,44
165,Iowa,Shelby,11454,36
123,Illinois,Marshall,11438,39
17,Montana,Custer,11402,0
19,Massachusetts,Nantucket,11399,43
85,Idaho,Valley,11392,42
41,Arkansas,Desha,11361,48
81,Virginia,Greensville,11336,35
169,Tennessee,Trousdale,11284,36
105,Colorado,Rio Grande,11267,38
121,Minnesota,Pope,11249,0
35,Iowa,Cherokee,11235,12
43,North Carolina,Clay,11231,33
33,Minnesota,Cottonwood,11196,35
159,Kentucky,Martin,11195,40
5,Georgia,Bacon,11164,35
183,Virginia,Sussex,11159,32
131,Texas,Duval,11157,19
235,Georgia,Pulaski,11137,40
5,North Carolina,Alleghany,11137,35
103,Oklahoma,Noble,11131,42
65,Mississippi,Jefferson Davis,11128,24
127,Oklahoma,Pushmataha,11096,6
69,Oklahoma,Johnston,11085,19
71,Michigan,Iron,11066,0
27,Montana,Fergus,11050,3
115,Iowa,Louisa,11035,30
85,Montana,Roosevelt,11004,45
57,Virginia,Essex,10953,17
65,Louisiana,Madison,10951,38
87,Kentucky,Green,10941,26
43,Washington,Lincoln,10939,49
149,Oklahoma,Washita,10916,2
53,Georgia,Chattahoochee,10907,37
187,Kentucky,Owen,10901,5
165,Minnesota,Watonwan,10897,34
29,North Carolina,Camden,10867,6
123,Louisiana,West Carroll,10830,27
43,Georgia,Candler,10803,35
83,Montana,Richland,10803,25
97,Michigan,Mackinac,10799,32
51,New Mexico,Sierra,10791,4
13,Nebraska,Box Butte,10783,22
41,Nebraska,Custer,10777,27
35,Illinois,Cumberland,10766,50
11,Arkansas,Bradley,10763,46
155,Indiana,Switzerland,10751,36
9,Montana,Carbon,10725,32
159,Texas,Franklin,10725,35
145,Nebraska,Red Willow,10724,16
109,Arkansas,Pike,10718,40
37,Nebraska,Colfax,10709,31
77,Iowa,Guthrie,10689,34
37,Alabama,Coosa,10663,38
109,Georgia,Evans,10654,21
171,Kentucky,Monroe,10650,28
75,Minnesota,Lake,10641,0
99,North Dakota,Walsh,10641,41
41,Kentucky,Carroll,10631,36
81,Iowa,Hancock,10630,41
103,Virginia,Lancaster,10603,36
131,Iowa,Mitchell,10586,32
119,Virginia,Middlesex,10582,24
25,Indiana,Crawford,10577,36
61,North Dakota,Mountrail,10545,36
403,Texas,Sabine,10542,24
149,Missouri,Oregon,10529,26
77,Texas,Clay,10471,32
105,Arkansas,Perry,10455,35
19,South Dakota,Butte,10429,1
173,Georgia,Lanier,10423,32
103,Mississippi,Noxubee,10417,40
3,North Dakota,Barnes,10415,36
1,Michigan,Alcona,10405,18
109,South Dakota,Roberts,10394,35
131,Alabama,Wilcox,10373,39
189,Iowa,Winnebago,10354,27
173,Missouri,Ralls,10309,39
127,Arkansas,Scott,10281,33
399,Texas,Runnels,10264,5
101,Indiana,Martin,10255,29
85,Oklahoma,Love,10253,34
107,Iowa,Keokuk,10246,36
131,Kansas,Nemaha,10231,5
53,Kentucky,Clinton,10218,29
87,Idaho,Washington,10194,31
99,Georgia,Early,10190,45
121,South Dakota,Todd,10177,37
91,Louisiana,St. Helena,10132,33
93,Missouri,Iron,10125,22
127,Texas,Dimmit,10124,22
17,Arkansas,Chicot,10118,38
11,Alabama,Bullock,10101,38
105,Oklahoma,Nowata,10076,36
77,Oklahoma,Latimer,10073,37
169,Kentucky,Metcalfe,10071,5
69,Iowa,Franklin,10070,27
89,Nebraska,Holt,10067,0
125,Colorado,Yuma,10019,46
15,Utah,Emery,10012,30
180,Alaska,Nome Census Area,10004,18
89,Missouri,Howard,10001,26
15,Mississippi,Carroll,9947,35
49,Virginia,Cumberland,9932,31
21,Louisiana,Caldwell,9918,33
137,Iowa,Montgomery,9917,37
131,Kentucky,Leslie,9877,28
315,Texas,Marion,9854,17
79,Missouri,Grundy,9850,0
63,Minnesota,Jackson,9846,43
357,Texas,Ochiltree,9836,9
185,Alaska,North Slope Borough,9832,0
35,Wyoming,Sublette,9831,36
149,Minnesota,Stevens,9805,0
317,Georgia,Wilkes,9777,39
111,Missouri,Lewis,9776,15
97,Mississippi,Montgomery,9775,42
19,Utah,Grand,9754,30
69,Mississippi,Kemper,9742,37
85,Alabama,Lowndes,9726,38
161,Iowa,Sac,9721,2
173,Minnesota,Yellow Medicine,9709,32
117,Kansas,Marshall,9707,0
107,Kansas,Linn,9703,45
19,Colorado,Clear Creek,9700,51
155,Mississippi,Webster,9689,42
25,Iowa,Calhoun,9668,2
167,Georgia,Johnson,9643,34
95,Montana,Stillwater,9642,24
143,Mississippi,Tunica,9632,43
79,Illinois,Jasper,9610,29
369,Texas,Parmer,9605,14
33,Nevada,White Pine,9580,24
13,Kansas,Brown,9564,0
91,Iowa,Humboldt,9558,12
85,West Virginia,Ritchie,9554,0
85,Missouri,Hickory,9544,0
159,Kansas,Rice,9537,10
11,Arizona,Greenlee,9498,34
25,Louisiana,Catahoula,9494,44
65,South Carolina,McCormick,9463,31
1,Montana,Beaverhead,9453,29
55,North Dakota,McLean,9450,36
11,Oklahoma,Blaine,9429,0
103,North Carolina,Jones,9419,24
155,Georgia,Irwin,9416,40
185,Missouri,St. Clair,9397,24
39,Iowa,Clarke,9395,28
179,Nebraska,Wayne,9385,22
429,Texas,Stephens,9366,23
89,Minnesota,Marshall,9336,14
119,Michigan,Montmorency,9328,20
81,Nebraska,Hamilton,9324,35
133,Minnesota,Rock,9315,21
9,Idaho,Benewah,9298,0
23,South Dakota,Charles Mix,9292,54
151,Minnesota,Swift,9266,26
63,Iowa,Emmet,9208,1
149,Kentucky,McLean,9207,28
43,Texas,Brewster,9203,2
261,Alaska,Valdez-Cordova Census Area,9202,0
139,Kentucky,Livingston,9194,19
153,Missouri,Ozark,9174,0
209,Georgia,Montgomery,9172,22
151,Kansas,Pratt,9164,32
89,Iowa,Howard,9158,29
23,Montana,Deer Lodge,9140,35
425,Texas,Somervell,9128,0
117,Minnesota,Pipestone,9126,28
3,Michigan,Alger,9108,0
137,Nebraska,Phelps,9034,28
159,Virginia,Richmond,9023,30
25,Missouri,Caldwell,9020,32
41,Wisconsin,Forest,9004,0
51,Iowa,Davis,9000,4
21,Mississippi,Claiborne,8988,35
97,Arkansas,Montgomery,8986,5
33,South Dakota,Custer,8972,0
319,Georgia,Wilkinson,8954,33
87,Montana,Rosebud,8937,0
237,Texas,Jack,8935,24
105,Alabama,Perry,8923,27
33,Nebraska,Cheyenne,8910,27
73,Iowa,Greene,8888,26
147,Iowa,Palo Alto,8886,0
77,Kentucky,Gallatin,8869,22
77,Arkansas,Lee,8857,32
39,Nebraska,Cuming,8846,32
49,California,Modoc,8841,0
115,Virginia,Mathews,8834,39
29,Minnesota,Clearwater,8818,36
55,Kentucky,Crittenden,8806,31
151,Oklahoma,Woods,8793,16
29,Kansas,Cloud,8786,31
35,Idaho,Clearwater,8756,0
7,Indiana,Benton,8748,22
91,Kentucky,Hancock,8722,33
501,Texas,Yoakum,8713,21
75,Oklahoma,Kiowa,8708,31
125,Missouri,Maries,8697,34
5,South Carolina,Allendale,8688,32
33,Missouri,Carroll,8679,11
165,Georgia,Jenkins,8676,36
137,Missouri,Monroe,8644,0
315,Georgia,Wilcox,8635,33
157,Mississippi,Wilkinson,8630,45
133,Iowa,Monona,8615,38
21,Montana,Dawson,8613,0
117,Iowa,Lucas,8600,0
57,Montana,Madison,8600,45
95,West Virginia,Tyler,8591,26
45,Nebraska,Dawes,8589,0
9,Texas,Archer,8553,0
335,Texas,Mitchell,8545,26
273,Georgia,Terrell,8531,44
205,Kansas,Wilson,8525,16
15,West Virginia,Clay,8508,0
220,Alaska,Sitka City and Borough,8493,7
223,Kentucky,Trimble,8471,23
193,Texas,Hamilton,8461,26
141,Georgia,Hancock,8457,26
17,West Virginia,Doddridge,8448,0
19,Wyoming,Johnson,8445,38
81,Louisiana,Red River,8442,35
75,North Carolina,Graham,8441,5
67,Florida,Lafayette,8422,25
27,Nebraska,Cedar,8402,12
31,Wyoming,Platte,8393,0
125,South Dakota,Turner,8384,35
197,Georgia,Marion,8359,30
77,Florida,Liberty,8354,23
81,Missouri,Harrison,8352,33
107,Nebraska,Knox,8332,47
158,Alaska,Kusilvak Census Area,8314,0
23,Kentucky,Bracken,8303,36
61,Missouri,Daviess,8278,18
171,Indiana,Warren,8265,38
9,Mississippi,Benton,8259,38
37,New Mexico,Quay,8253,22
99,Arkansas,Nevada,8252,35
75,West Virginia,Pocahontas,8247,6
135,Michigan,Oscoda,8241,33
405,Texas,San Augustine,8237,32
143,Kentucky,Lyon,8210,47
19,Mississippi,Choctaw,8210,40
13,Michigan,Baraga,8209,17
21,Colorado,Conejos,8205,0
83,Tennessee,Houston,8201,42
101,Minnesota,Murray,8194,27
57,North Dakota,Mercer,8187,3
113,Colorado,San Miguel,8179,44
31,Kansas,Coffey,8179,37
83,Texas,Coleman,8175,1
203,Missouri,Shannon,8166,0
3,Georgia,Atkinson,8165,27
65,Colorado,Lake,8127,33
289,Georgia,Twiggs,8120,42
65,Illinois,Hamilton,8116,15
101,West Virginia,Webster,8114,0
63,Alabama,Greene,8111,37
153,Michigan,Schoolcraft,8094,27
253,Georgia,Seminole,8090,40
135,Tennessee,Perry,8076,42
53,Mississippi,Humphreys,8064,44
117,Arkansas,Prairie,8062,30
97,North Dakota,Traill,8036,0
101,Nebraska,Keith,8034,1
59,Idaho,Lemhi,8027,8
269,Georgia,Taylor,8020,39
23,Nebraska,Butler,8016,16
495,Texas,Winkler,8010,23
27,Kansas,Clay,8002,37
287,Georgia,Turner,7985,44
307,Texas,McCulloch,7984,24
620,Virginia,Franklin city,7967,33
25,Arkansas,Cleveland,7956,48
181,Georgia,Lincoln,7921,44
7,Kentucky,Ballard,7888,25
25,Utah,Kane,7886,31
129,Arkansas,Searcy,7881,45
53,Iowa,Decatur,7870,1
37,Oregon,Lake,7869,0
147,Nebraska,Richardson,7865,0
3,Kansas,Anderson,7858,17
309,Georgia,Wheeler,7855,36
15,Idaho,Boise,7831,0
21,West Virginia,Gilmer,7823,8
43,Wyoming,Washakie,7805,37
193,Kansas,Thomas,7777,0
121,Nebraska,Merrick,7755,30
101,Arkansas,Newton,7753,34
37,Mississippi,Franklin,7713,44
135,Iowa,Monroe,7707,0
77,Idaho,Power,7681,26
175,Texas,Goliad,7658,31
93,Oklahoma,Major,7629,30
19,Washington,Ferry,7627,39
188,Alaska,Northwest Arctic Borough,7621,0
27,Tennessee,Clay,7615,32
43,Kansas,Doniphan,7600,40
11,Wyoming,Crook,7584,29
57,Missouri,Dade,7561,0
69,Texas,Castro,7530,43
283,Texas,La Salle,7520,17
63,Kentucky,Elliott,7517,0
73,West Virginia,Pleasants,7460,37
678,Virginia,Lexington city,7446,30
41,Missouri,Chariton,7426,37
129,Kentucky,Lee,7403,0
437,Texas,Swisher,7397,35
105,Montana,Valley,7396,0
25,Oregon,Harney,7393,5
195,Iowa,Worth,7381,25
157,Virginia,Rappahannock,7370,26
75,Texas,Childress,7306,14
67,South Dakota,Hutchinson,7291,36
91,Wisconsin,Pepin,7287,0
111,Texas,Dallam,7287,26
181,Kentucky,Nicholas,7269,36
141,Oklahoma,Tillman,7250,29
53,Pennsylvania,Forest,7247,31
13,Vermont,Grand Isle,7235,26
173,Nebraska,Thurston,7224,10
63,Oregon,Wallowa,7208,33
23,Oregon,Grant,7199,44
237,Kentucky,Wolfe,7157,0
29,Idaho,Caribou,7155,29
1,Iowa,Adair,7152,47
95,Kansas,Kingman,7152,0
67,Kansas,Grant,7150,9
139,Nebraska,Pierce,7148,22
13,West Virginia,Calhoun,7109,7
63,Colorado,Kit Carson,7097,38
47,Texas,Brooks,7093,11
161,Indiana,Union,7054,29
51,South Dakota,Grant,7052,0
95,Nebraska,Jefferson,7046,7
177,Iowa,Van Buren,7044,34
97,Virginia,King and Queen,7025,33
95,Tennessee,Lake,7016,20
39,Arkansas,Dallas,7009,29
17,Texas,Bailey,7000,0
63,Mississippi,Jefferson,6990,37
23,Louisiana,Cameron,6973,26
127,Nebraska,Nemaha,6972,45
71,West Virginia,Pendleton,6969,31
36,Virginia,Charles City,6963,45
71,Iowa,Fremont,6960,0
391,Texas,Refugio,6948,0
197,Kansas,Wabaunsee,6931,28
45,Wyoming,Weston,6927,0
283,Georgia,Treutlen,6901,27
9,South Dakota,Bon Homme,6901,53
55,Colorado,Huerfano,6897,40
240,Alaska,Southeast Fairbanks Census Area,6893,30
77,Montana,Powell,6890,0
35,Louisiana,East Carroll,6861,36
93,Iowa,Ida,6860,0
167,Kansas,Russell,6856,0
93,West Virginia,Tucker,6839,45
5,North Dakota,Benson,6832,0
109,Colorado,Saguache,6824,33
67,North Dakota,Pembina,6801,8
45,Missouri,Clark,6797,30
119,Mississippi,Quitman,6792,38
243,Georgia,Randolph,6778,44
169,Illinois,Schuyler,6768,24
27,Nevada,Pershing,6725,0
47,South Dakota,Fall River,6713,35
1,Utah,Beaver,6710,0
377,Texas,Presidio,6704,0
95,Arkansas,Monroe,6701,31
5,Montana,Blaine,6681,0
71,Illinois,Henderson,6646,16
73,Arkansas,Lafayette,6624,30
73,Minnesota,Lac qui Parle,6623,41
259,Georgia,Stewart,6621,33
67,Tennessee,Hancock,6620,0
151,Iowa,Pocahontas,6619,6
65,Georgia,Clinch,6618,42
57,Kentucky,Cumberland,6614,31
9,Illinois,Brown,6578,2
101,South Dakota,Moody,6576,17
75,Missouri,Gentry,6571,27
99,Nebraska,Kearney,6495,38
165,Kentucky,Menifee,6489,40
127,Tennessee,Moore,6488,18
530,Virginia,Buena Vista city,6478,30
21,Nebraska,Burt,6459,24
93,Nebraska,Howard,6445,17
185,Iowa,Wayne,6441,2
181,Virginia,Surry,6422,33
145,Kansas,Pawnee,6414,0
47,Illinois,Edwards,6395,0
115,South Dakota,Spink,6376,31
107,Minnesota,Norman,6375,18
640,Virginia,Galax city,6347,37
103,Colorado,Rio Blanco,6324,30
147,Arkansas,Woodruff,6320,40
3,Nebraska,Antelope,6298,34
9,North Dakota,Bottineau,6282,0
21,Virginia,Bland,6280,0
179,Missouri,Reynolds,6270,34
47,Colorado,Gilpin,6243,24
7,Montana,Broadwater,6237,45
95,Michigan,Luce,6229,33
169,Texas,Garza,6229,3
167,Minnesota,Wilkin,6207,38
198,Alaska,Prince of Wales-Hyder Census Area,6203,22
35,Nebraska,Clay,6203,23
263,Georgia,Talbot,6195,34
37,Georgia,Calhoun,6189,38
57,South Dakota,Hamlin,6164,36
9,Vermont,Essex,6163,25
99,Montana,Teton,6147,0
7,Idaho,Bear Lake,6125,0
173,Iowa,Taylor,6121,36
53,Kansas,Ellsworth,6102,0
211,Missouri,Sullivan,6089,0
113,Pennsylvania,Sullivan,6066,29
25,Colorado,Crowley,6061,45
411,Texas,San Saba,6055,0
67,Oklahoma,Jefferson,6002,27
69,Kansas,Gray,5988,10
73,Kansas,Greenwood,5982,29
35,Missouri,Carter,5982,38
123,Kansas,Mitchell,5979,42
51,Minnesota,Grant,5972,1
75,Kentucky,Fulton,5969,14
143,Iowa,Osceola,5958,23
305,Texas,Lynn,5951,36
205,Missouri,Shelby,5930,39
65,Texas,Carson,5926,15
167,Nebraska,Stanton,5920,27
181,Kansas,Sherman,5917,16
73,Montana,Pondera,5911,18
41,South Dakota,Dewey,5892,2
115,Indiana,Ohio,5875,40
175,Tennessee,Van Buren,5872,20
105,West Virginia,Wirt,5821,35
317,Texas,Martin,5771,38
3,Illinois,Alexander,5761,17
49,North Dakota,McHenry,5745,38
155,Illinois,Putnam,5739,0
107,Texas,Crosby,5737,26
131,Michigan,Ontonagon,5720,3
201,Georgia,Miller,5718,44
55,Oklahoma,Greer,5712,32
153,Texas,Floyd,5712,25
143,Kansas,Ottawa,5704,37
3,Oklahoma,Alfalfa,5702,20
73,Colorado,Lincoln,5701,37
31,Nebraska,Cherry,5689,29
51,Wisconsin,Iron,5687,37
33,Oklahoma,Cotton,5666,34
207,Texas,Haskell,5658,0
81,Minnesota,Lincoln,5639,37
51,Nebraska,Dixon,5636,13
15,Montana,Chouteau,5635,0
16,Alaska,Aleutians West Census Area,5634,0
127,Kansas,Morris,5620,45
87,South Dakota,McCook,5586,51
11,Colorado,Bent,5577,0
205,Texas,Hartley,5576,13
580,Virginia,Covington city,5538,28
15,Nevada,Lander,5532,12
87,Minnesota,Mahnomen,5527,37
9,Iowa,Audubon,5496,34
29,Oklahoma,Coal,5495,0
189,Kansas,Stevens,5485,35
31,Minnesota,Cook,5463,0
59,Nebraska,Fillmore,5462,11
123,South Dakota,Tripp,5441,0
77,Kansas,Harper,5436,3
129,South Dakota,Walworth,5435,21
37,South Dakota,Day,5424,5
201,Kansas,Washington,5406,3
195,Texas,Hansford,5399,26
63,Idaho,Lincoln,5366,36
137,Kansas,Norton,5361,2
595,Virginia,Emporia city,5346,30
175,Illinois,Stark,5342,25
153,Illinois,Pulaski,5335,24
119,Texas,Delta,5331,25
7,Oklahoma,Beaver,5311,26
15,South Dakota,Brule,5297,6
249,Georgia,Schley,5257,34
301,Georgia,Warren,5254,34
161,Nebraska,Sheridan,5246,0
147,Kansas,Phillips,5234,22
290,Alaska,Yukon-Koyukuk Census Area,5230,31
73,North Dakota,Ransom,5218,7
143,Nebraska,Polk,5213,24
247,Texas,Jim Hogg,5200,10
11,Nebraska,Boone,5192,0
13,Arkansas,Calhoun,5189,0
17,Nevada,Lincoln,5183,0
5,Missouri,Atchison,5143,37
45,Virginia,Craig,5131,26
97,Nebraska,Johnson,5071,28
27,Colorado,Custer,5068,31
483,Texas,Wheeler,5056,11
17,Utah,Garfield,5051,36
137,Tennessee,Pickett,5048,0
169,Nebraska,Thayer,5003,0
11,Minnesota,Big Stone,4991,41
91,Colorado,Ouray,4952,29
171,Illinois,Scott,4951,0
77,South Dakota,Kingsbury,4939,2
95,North Carolina,Hyde,4937,4
91,South Dakota,Marshall,4935,34
163,Kansas,Rooks,4920,26
70,Alaska,Dillingham Census Area,4916,0
121,Colorado,Washington,4908,38
199,Missouri,Scotland,4902,26
159,Iowa,Ringgold,4894,0
43,Oklahoma,Dewey,4891,26
229,Texas,Hudspeth,4886,0
333,Texas,Mills,4873,0
21,North Dakota,Dickey,4872,0
59,Illinois,Gallatin,4828,28
171,Kansas,Scott,4823,26
103,Texas,Crane,4797,45
39,Kentucky,Carlisle,4760,10
13,Illinois,Calhoun,4739,28
101,Montana,Toole,4736,38
171,Missouri,Putnam,4696,0
65,Nebraska,Furnas,4676,15
197,Missouri,Schuyler,4660,0
123,Nebraska,Morrill,4642,18
157,Kansas,Republic,4636,28
65,Montana,Musselshell,4633,33
78,Wisconsin,Menominee,4556,32
71,Idaho,Oneida,4531,0
33,New Mexico,Mora,4521,0
21,Nevada,Mineral,4505,15
69,Washington,Wahkiakum,4488,29
23,Pennsylvania,Cameron,4447,36
7,Kansas,Barber,4427,26
25,North Dakota,Dunn,4424,40
41,New York,Hamilton,4416,46
189,Kentucky,Owsley,4415,21
17,Wyoming,Hot Springs,4413,37
87,Missouri,Holt,4403,18
61,Montana,Mineral,4397,0
105,Kentucky,Hickman,4380,12
39,South Dakota,Deuel,4351,36
267,Texas,Kimble,4337,0
107,Louisiana,Tensas,4334,22
53,Oklahoma,Grant,4333,30
125,Mississippi,Sharkey,4321,37
37,Idaho,Custer,4315,38
19,New Mexico,Guadalupe,4300,15
69,Minnesota,Kittson,4298,15
37,Wisconsin,Florence,4295,28
3,Idaho,Adams,4294,33
319,Texas,Mason,4274,29
95,Colorado,Phillips,4265,34
85,North Dakota,Sioux,4230,36
23,New Mexico,Hidalgo,4198,1
53,South Dakota,Gregory,4185,0
151,Illinois,Pope,4177,0
175,Nebraska,Valley,4158,6
185,Kansas,Stafford,4156,35
129,Nebraska,Nuckolls,4148,0
17,Virginia,Bath,4147,0
29,Nevada,Storey,4123,0
31,South Dakota,Corson,4086,24
59,New Mexico,Union,4059,8
125,Minnesota,Red Lake,4055,21
45,North Dakota,LaMoure,4046,0
119,Kansas,Meade,4033,9
177,North Carolina,Tyrrell,4016,19
101,Georgia,Echols,4006,27
13,Washington,Columbia,3985,52
720,Virginia,Norton city,3981,12
69,North Dakota,Pierce,3975,44
81,Kansas,Haskell,3968,13
103,Missouri,Knox,3959,0
71,Montana,Phillips,3954,0
197,Texas,Hardeman,3933,0
29,Nebraska,Chase,3924,0
81,North Dakota,Sargent,3898,23
23,Colorado,Costilla,3887,37
45,Oklahoma,Ellis,3859,0
383,Texas,Reagan,3849,0
61,Idaho,Lewis,3838,4
93,Kansas,Kearny,3838,21
103,North Dakota,Wells,3834,11
151,Texas,Fisher,3830,0
45,South Dakota,Edmunds,3829,0
69,Illinois,Hardin,3821,12
211,Texas,Hemphill,3819,29
85,South Dakota,Lyman,3781,41
435,Texas,Sutton,3776,0
19,North Dakota,Cavalier,3762,0
77,Minnesota,Lake of the Woods,3740,0
97,Montana,Sweet Grass,3737,0
25,South Dakota,Clark,3736,35
59,Oklahoma,Harper,3688,15
271,Texas,Kinney,3667,0
275,Texas,Knox,3664,26
461,Texas,Upton,3657,0
105,Nebraska,Kimball,3632,33
129,Missouri,Mercer,3617,0
3,Iowa,Adams,3602,0
183,Kansas,Smith,3583,18
129,Oklahoma,Roger Mills,3583,0
9,Colorado,Baca,3581,36
3,New Mexico,Catron,3527,32
125,Nebraska,Nance,3519,17
23,Texas,Baylor,3509,0
181,Nebraska,Webster,3487,23
105,Texas,Crockett,3464,0
61,South Dakota,Hanson,3453,0
385,Texas,Real,3452,0
141,Kansas,Osborne,3421,30
81,Texas,Coke,3387,0
83,Nebraska,Harlan,3380,0
39,Montana,Granite,3379,0
7,South Dakota,Bennett,3365,0
71,South Dakota,Jackson,3344,0
13,Alaska,Aleutians East Borough,3337,0
91,Montana,Sheridan,3309,0
129,Texas,Donley,3278,31
195,Alaska,Petersburg Borough,3266,27
417,Texas,Shackelford,3265,0
155,Minnesota,Traverse,3259,33
19,Kansas,Chautauqua,3250,33
29,North Dakota,Emmons,3241,28
295,Texas,Lipscomb,3233,5
31,North Dakota,Foster,3210,39
59,South Dakota,Hand,3191,7
207,Kansas,Woodson,3138,40
117,South Dakota,Stanley,3098,9
7,Georgia,Baker,3038,40
165,Kansas,Rush,3036,0
11,North Dakota,Bowman,3024,26
421,Texas,Sherman,3022,17
91,California,Sierra,3005,0
163,Nebraska,Sherman,3001,10
61,Nebraska,Franklin,2979,23
125,Georgia,Glascock,2971,0
191,Texas,Hall,2964,3
105,Kansas,Lincoln,2962,0
17,Nebraska,Brown,2955,0
43,South Dakota,Douglas,2921,6
87,Texas,Collingsworth,2920,0
135,Nebraska,Perkins,2891,0
89,Kansas,Jewell,2879,29
63,North Dakota,Nelson,2879,14
105,South Dakota,Perkins,2865,0
79,Texas,Cochran,2853,10
25,Montana,Fallon,2846,0
61,Georgia,Clay,2834,34
39,Kansas,Decatur,2827,0
195,Kansas,Trego,2803,0
47,Kansas,Edwards,2798,11
109,Kansas,Logan,2794,0
413,Texas,Schleicher,2793,0
87,Nebraska,Hitchcock,2762,3
137,South Dakota,Ziebach,2756,0
3,South Dakota,Aurora,2751,37
135,Kansas,Ness,2750,0
95,Texas,Concho,2726,23
55,Utah,Wayne,2711,0
23,Kansas,Cheyenne,2657,4
57,Oklahoma,Harmon,2653,0
17,Kansas,Chase,2648,16
63,Kansas,Gove,2636,37
63,Nebraska,Frontier,2627,4
133,Nebraska,Pawnee,2613,0
307,Georgia,Webster,2607,33
23,Idaho,Butte,2597,0
129,Kansas,Morton,2587,27
75,Kansas,Hamilton,2539,22
100,Alaska,Haines Borough,2530,0
49,Kansas,Elk,2530,4
153,Kansas,Rawlins,2530,0
179,Kansas,Sheridan,2521,14
275,Alaska,Wrangell City and Borough,2502,0
41,North Dakota,Hettinger,2499,0
51,North Dakota,McIntosh,2497,38
33,Utah,Rich,2483,0
65,Kansas,Graham,2482,0
43,North Dakota,Kidder,2480,0
97,Kansas,Kiowa,2475,10
89,South Dakota,McPherson,2379,8
77,Nebraska,Greeley,2356,10
27,Wyoming,Niobrara,2356,24
111,South Dakota,Sanborn,2344,22
51,Montana,Liberty,2337,33
75,North Dakota,Renville,2327,2
239,Georgia,Quitman,2299,30
49,South Dakota,Faulk,2299,37
27,North Dakota,Eddy,2287,30
37,North Dakota,Grant,2274,33
243,Texas,Jeff Davis,2274,0
23,North Dakota,Divide,2264,36
115,Colorado,Sedgwick,2248,0
39,North Dakota,Griggs,2231,0
23,Washington,Garfield,2225,0
97,South Dakota,Miner,2216,23
1,North Dakota,Adams,2216,0
125,Texas,Dickens,2211,25
91,Virginia,Highland,2190,11
95,North Dakota,Towner,2189,0
109,Texas,Culberson,2171,0
107,South Dakota,Potter,2153,0
105,Alaska,Hoonah-Angoon Census Area,2148,0
327,Texas,Menard,2138,0
25,Oklahoma,Cimarron,2137,12
107,Montana,Wheatland,2126,9
203,Kansas,Wichita,2119,0
83,Michigan,Keweenaw,2116,0
13,North Dakota,Burke,2115,32
359,Texas,Oldham,2112,43
201,Kentucky,Robertson,2108,0
68,Alaska,Denali Borough,2097,0
95,South Dakota,Mellette,2061,0
33,Colorado,Dolores,2055,0
11,Nevada,Eureka,2029,0
227,Missouri,Worth,2013,27
73,South Dakota,Jerauld,2013,24
45,Montana,Judith Basin,2007,0
187,Kansas,Stanton,2006,21
25,Kansas,Clark,1994,10
73,Nebraska,Gosper,1990,36
71,Nebraska,Garfield,1969,0
17,South Dakota,Buffalo,1962,5
65,North Dakota,Oliver,1959,34
137,Texas,Edwards,1932,0
15,Nebraska,Boyd,1919,0
21,Oregon,Gilliam,1912,0
55,South Dakota,Haakon,1899,0
91,North Dakota,Steele,1890,0
11,Texas,Armstrong,1887,19
59,Montana,Meagher,1862,38
47,North Dakota,Logan,1850,0
69,Nebraska,Garden,1837,0
17,Colorado,Cheyenne,1831,0
83,Kansas,Hodgeman,1794,0
49,Nebraska,Deuel,1794,0
55,Oregon,Sherman,1780,28
33,North Dakota,Golden Valley,1761,0
11,New Mexico,De Baca,1748,0
33,Kansas,Comanche,1700,0
57,Nebraska,Dundy,1693,0
19,Montana,Daniels,1690,0
75,Montana,Powder River,1682,0
55,Montana,McCone,1664,0
164,Alaska,Lake and Peninsula Borough,1592,0
45,Texas,Briscoe,1546,1
265,Georgia,Taliaferro,1537,0
235,Texas,Irion,1536,0
101,Kansas,Lane,1535,0
199,Kansas,Wallace,1518,0
447,Texas,Throckmorton,1501,0
31,Utah,Piute,1479,0
173,Texas,Glasscock,1409,3
61,Colorado,Kiowa,1406,0
101,Texas,Cottle,1398,6
57,Colorado,Jackson,1392,0
119,South Dakota,Sully,1391,21
21,South Dakota,Campbell,1376,0
149,Nebraska,Rock,1357,0
433,Texas,Stonewall,1350,0
69,Oregon,Wheeler,1332,0
55,Mississippi,Issaquena,1327,0
83,North Dakota,Sheridan,1315,0
69,South Dakota,Hyde,1301,20
63,South Dakota,Harding,1298,0
431,Texas,Sterling,1291,0
33,Montana,Garfield,1258,0
11,Montana,Carter,1252,0
71,Kansas,Greeley,1232,0
345,Texas,Motley,1200,20
230,Alaska,Skagway Municipality,1183,0
165,Nebraska,Sioux,1166,0
155,Texas,Foard,1155,0
3,California,Alpine,1129,34
25,Idaho,Camas,1106,33
79,Montana,Prairie,1077,0
109,Montana,Wibaux,969,0
9,Utah,Daggett,950,0
7,North Dakota,Billings,928,0
85,Nebraska,Hayes,922,0
75,South Dakota,Jones,903,0
9,Nevada,Esmeralda,873,0
393,Texas,Roberts,854,17
33,Idaho,Clark,845,0
60,Alaska,Bristol Bay Borough,836,0
37,Montana,Golden Valley,821,22
53,Colorado,Hinsdale,820,43
103,Nebraska,Keya Paha,806,0
183,Nebraska,Wheeler,783,0
443,Texas,Terrell,776,0
79,Colorado,Mineral,769,35
263,Texas,Kent,762,0
87,North Dakota,Slope,750,30
113,Nebraska,Logan,748,2
7,Nebraska,Banner,745,0
311,Texas,McMullen,743,0
111,Colorado,San Juan,728,2
171,Nebraska,Thomas,722,0
103,Montana,Treasure,696,0
91,Nebraska,Hooker,682,1
115,Nebraska,Loup,664,6
33,Texas,Borden,654,0
21,New Mexico,Harding,625,10
75,Nebraska,Grant,623,0
282,Alaska,Yakutat City and Borough,579,0
117,Nebraska,McPherson,494,0
69,Montana,Petroleum,487,0
9,Nebraska,Blaine,465,0
5,Nebraska,Arthur,463,1
261,Texas,Kenedy,404,0
269,Texas,King,272,0
301,Texas,Loving,169,0
5,Hawaii,Kalawao,86,0
